Study ID,Participant ID,Test ID,Test type,Fluent,Designer,isDesigner,Font,Correct,Response time,Response time (word),Response time (non-word),AUC,AUC (word),AUC (non-word),JoL,JoM,Date
1,6912,1,lexical,False,Non-designer,False,arial,0.7,6341.85,6670.8,6012.9,0.875,,,75.0,1,30-04-2019 19:06
1,6912,1,recognition,False,Non-designer,False,arial,0.875,3653.0,3715.875,3590.125,0.90625,1.0,0.8125,75.0,1,30-04-2019 19:06
1,6912,2,lexical,False,Non-designer,False,sansforgetica,0.75,3851.9,3658.5,4045.3,0.95,,,25.0,7,30-04-2019 19:06
1,6912,2,recognition,False,Non-designer,False,sansforgetica,0.9375,2555.8125,2561.125,2550.5,1.0,1.0,1.0,25.0,7,30-04-2019 19:06
1,6984,1,lexical,True,Graphic designer,True,arial,0.85,2454.2,1279.7,3628.7,0.95,,,100.0,60,30-04-2019 19:03
1,6984,1,recognition,True,Graphic designer,True,arial,1.0,1894.125,1655.375,2132.875,1.0,1.0,1.0,100.0,60,30-04-2019 19:03
1,6984,2,lexical,True,Graphic designer,True,sansforgetica,0.95,2901.9,1249.6,4554.2,1.0,,,50.0,100,30-04-2019 19:03
1,6984,2,recognition,True,Graphic designer,True,sansforgetica,0.8125,2074.1875,1161.75,2986.625,0.8515625,0.875,0.8125,50.0,100,30-04-2019 19:03
1,7056,1,lexical,False,Graphic designer,True,arial,0.9,2393.2,1823.9,2962.5,1.0,,,50.0,22,30-04-2019 19:02
1,7056,1,recognition,False,Graphic designer,True,arial,0.9375,2356.875,2261.375,2452.375,0.9296875,1.0,0.875,50.0,22,30-04-2019 19:02
1,7056,2,lexical,False,Graphic designer,True,sansforgetica,1.0,2274.55,2206.1,2343.0,1.0,,,25.0,20,30-04-2019 19:02
1,7056,2,recognition,False,Graphic designer,True,sansforgetica,0.9375,2076.25,2033.375,2119.125,0.9921875,1.0,1.0,25.0,20,30-04-2019 19:02
1,7128,1,lexical,False,Graphic designer,True,arial,0.9,2432.85,1875.5,2990.2,0.9500000000000001,,,75.0,50,30-04-2019 19:02
1,7128,1,recognition,False,Graphic designer,True,arial,0.8125,1793.6875,1314.625,2272.75,0.8671875,0.875,0.875,75.0,50,30-04-2019 19:02
1,7128,2,lexical,False,Graphic designer,True,sansforgetica,0.75,2448.65,2026.2,2871.1,0.95,,,25.0,50,30-04-2019 19:02
1,7128,2,recognition,False,Graphic designer,True,sansforgetica,0.8125,2515.75,2188.625,2842.875,0.8828125,0.9375,0.84375,25.0,50,30-04-2019 19:02
1,7200,1,lexical,True,Graphic designer,True,arial,0.85,3160.35,1527.2,4793.5,0.9500000000000001,,,75.0,70,30-04-2019 18:49
1,7200,1,recognition,True,Graphic designer,True,arial,0.875,3633.375,3366.875,3899.875,0.9140625,0.8125,1.0,75.0,70,30-04-2019 18:49
1,7200,2,lexical,True,Graphic designer,True,sansforgetica,0.85,2839.6,1658.3,4020.9,1.0,,,25.0,65,30-04-2019 18:49
1,7200,2,recognition,True,Graphic designer,True,sansforgetica,0.8125,2556.75,2881.5,2232.0,0.8984375,0.90625,0.875,25.0,65,30-04-2019 18:49
1,7272,1,lexical,True,Other designer,True,arial,0.95,4047.25,2069.5,6025.0,1.0,,,100.0,79,29-04-2019 10:07
1,7272,1,recognition,True,Other designer,True,arial,1.0,2896.625,2159.75,3633.5,1.0,1.0,1.0,100.0,79,29-04-2019 10:07
1,7272,2,lexical,True,Other designer,True,sansforgetica,0.95,3883.45,1866.1,5900.8,1.0,,,25.0,76,29-04-2019 10:07
1,7272,2,recognition,True,Other designer,True,sansforgetica,0.9375,2190.75,1784.625,2596.875,0.9375,0.875,1.0,25.0,76,29-04-2019 10:07
1,7344,1,lexical,False,Other designer,True,arial,0.9,3315.2,1712.4,4918.0,0.9500000000000001,,,100.0,15,29-04-2019 08:52
1,7344,1,recognition,False,Other designer,True,arial,0.9375,2101.0625,2361.875,1840.25,0.9375,1.0,0.875,100.0,15,29-04-2019 08:52
1,7344,2,lexical,False,Other designer,True,sansforgetica,0.95,2639.8,2252.4,3027.2,0.9500000000000001,,,0.0,15,29-04-2019 08:52
1,7344,2,recognition,False,Other designer,True,sansforgetica,1.0,1839.0625,1759.875,1918.25,1.0,1.0,1.0,0.0,15,29-04-2019 08:52
1,7416,1,lexical,True,Letter designer,True,arial,1.0,2111.25,1758.9,2463.6,1.0,,,75.0,59,29-04-2019 04:08
1,7416,1,recognition,True,Letter designer,True,arial,0.875,2234.25,2222.375,2246.125,0.921875,0.8125,1.0,75.0,59,29-04-2019 04:08
1,7416,2,lexical,True,Letter designer,True,sansforgetica,1.0,2180.4,1685.4,2675.4,1.0,,,25.0,50,29-04-2019 04:08
1,7416,2,recognition,True,Letter designer,True,sansforgetica,0.625,1704.4375,1463.625,1945.25,0.671875,0.75,0.59375,25.0,50,29-04-2019 04:08
1,7488,1,lexical,True,Non-designer,False,arial,1.0,2419.05,2088.8,2749.3,1.0,,,100.0,50,28-04-2019 16:32
1,7488,1,recognition,True,Non-designer,False,arial,0.875,2501.6875,2406.0,2597.375,0.875,0.875,0.875,100.0,50,28-04-2019 16:32
1,7488,2,lexical,True,Non-designer,False,sansforgetica,1.0,1871.85,1359.7,2384.0,1.0,,,25.0,50,28-04-2019 16:32
1,7488,2,recognition,True,Non-designer,False,sansforgetica,0.8125,2146.6875,2067.0,2226.375,0.8359375,0.75,0.9375,25.0,50,28-04-2019 16:32
1,7560,1,lexical,True,Graphic designer,True,arial,0.55,2914.2,1573.4,4255.0,0.7999999999999999,,,100.0,50,27-04-2019 16:14
1,7560,1,recognition,True,Graphic designer,True,arial,0.5,2246.75,1383.0,3110.5,0.4375,0.5,0.375,100.0,50,27-04-2019 16:14
1,7560,2,lexical,True,Graphic designer,True,sansforgetica,0.6,2797.95,2188.2,3407.7,0.9500000000000001,,,50.0,50,27-04-2019 16:14
1,7560,2,recognition,True,Graphic designer,True,sansforgetica,0.5,2120.5625,1733.125,2508.0,0.5,0.5,0.5,50.0,50,27-04-2019 16:14
1,7632,1,lexical,True,Graphic designer,True,arial,0.8,3080.2,2116.4,4044.0,0.88,,,100.0,71,27-04-2019 14:03
1,7632,1,recognition,True,Graphic designer,True,arial,0.875,2845.125,2895.125,2795.125,0.90625,0.75,1.0,100.0,71,27-04-2019 14:03
1,7632,2,lexical,True,Graphic designer,True,sansforgetica,0.95,3049.35,2703.5,3395.2,1.0,,,50.0,54,27-04-2019 14:03
1,7632,2,recognition,True,Graphic designer,True,sansforgetica,0.625,4344.375,3895.375,4793.375,0.703125,0.9375,0.625,50.0,54,27-04-2019 14:03
1,7704,1,lexical,True,Letter designer,True,arial,1.0,2852.0,2025.1,3678.9,1.0,,,100.0,40,12-04-2019 06:47
1,7704,1,recognition,True,Letter designer,True,arial,0.8125,2623.125,3233.5,2012.75,0.8671875,0.8125,0.90625,100.0,40,12-04-2019 06:47
1,7704,2,lexical,True,Letter designer,True,sansforgetica,1.0,2867.25,2482.6,3251.9,1.0,,,25.0,34,12-04-2019 06:47
1,7704,2,recognition,True,Letter designer,True,sansforgetica,0.9375,2275.0,2299.625,2250.375,0.96875,0.90625,1.0,25.0,34,12-04-2019 06:47
1,7776,1,lexical,True,Non-designer,False,sansforgetica,0.9,2403.75,1811.2,2996.3,0.9,,,50.0,38,12-04-2019 05:45
1,7776,1,recognition,True,Non-designer,False,sansforgetica,0.9375,2205.75,1973.0,2438.5,1.0,1.0,1.0,50.0,38,12-04-2019 05:45
1,7776,2,lexical,True,Non-designer,False,arial,1.0,2252.15,1986.0,2518.3,1.0,,,100.0,55,12-04-2019 05:45
1,7776,2,recognition,True,Non-designer,False,arial,1.0,1959.4375,1680.25,2238.625,1.0,1.0,1.0,100.0,55,12-04-2019 05:45
1,7848,1,lexical,True,Non-designer,False,arial,0.75,3278.9,1408.9,5148.9,0.9,,,100.0,77,12-04-2019 03:38
1,7848,1,recognition,True,Non-designer,False,arial,0.9375,2900.125,2326.125,3474.125,0.9375,0.875,1.0,100.0,77,12-04-2019 03:38
1,7848,2,lexical,True,Non-designer,False,sansforgetica,0.9,4224.85,1773.9,6675.8,0.9999999999999999,,,50.0,82,12-04-2019 03:38
1,7848,2,recognition,True,Non-designer,False,sansforgetica,0.9375,2476.125,2200.5,2751.75,0.9296875,1.0,0.84375,50.0,82,12-04-2019 03:38
1,7920,1,lexical,True,Non-designer,False,sansforgetica,1.0,2942.45,2508.4,3376.5,1.0,,,25.0,71,12-04-2019 03:11
1,7920,1,recognition,True,Non-designer,False,sansforgetica,1.0,2102.6875,1845.25,2360.125,1.0,1.0,1.0,25.0,71,12-04-2019 03:11
1,7920,2,lexical,True,Non-designer,False,arial,1.0,2470.7,2367.3,2574.1,1.0,,,100.0,78,12-04-2019 03:11
1,7920,2,recognition,True,Non-designer,False,arial,0.8125,2494.3125,3183.5,1805.125,0.84375,0.65625,1.0,100.0,78,12-04-2019 03:11
1,7992,1,lexical,True,Non-designer,False,arial,0.95,2987.2,1801.7,4172.7,1.0,,,100.0,62,12-04-2019 03:05
1,7992,1,recognition,True,Non-designer,False,arial,1.0,2624.4375,2869.25,2379.625,1.0,1.0,1.0,100.0,62,12-04-2019 03:05
1,7992,2,lexical,True,Non-designer,False,sansforgetica,1.0,3392.8,1820.9,4964.7,1.0,,,25.0,64,12-04-2019 03:05
1,7992,2,recognition,True,Non-designer,False,sansforgetica,0.75,2708.0625,2647.5,2768.625,0.8125,0.65625,0.96875,25.0,64,12-04-2019 03:05
1,8064,1,lexical,True,Non-designer,False,arial,0.85,2790.15,2027.2,3553.1,1.0,,,100.0,50,12-04-2019 00:22
1,8064,1,recognition,True,Non-designer,False,arial,0.9375,2825.625,2637.125,3014.125,0.9375,1.0,0.875,100.0,50,12-04-2019 00:22
1,8064,2,lexical,True,Non-designer,False,sansforgetica,0.8,2780.05,1702.6,3857.5,0.9,,,75.0,50,12-04-2019 00:22
1,8064,2,recognition,True,Non-designer,False,sansforgetica,0.875,2763.25,2602.625,2923.875,0.9140625,0.78125,1.0,75.0,50,12-04-2019 00:22
1,8136,1,lexical,True,Non-designer,False,sansforgetica,1.0,7334.368421052632,3627.4,11453.222222222223,1.0,,,75.0,64,12-04-2019 00:11
1,8136,1,recognition,True,Non-designer,False,sansforgetica,1.0,3832.8125,2826.25,4839.375,1.0,1.0,1.0,75.0,64,12-04-2019 00:11
1,8136,2,lexical,True,Non-designer,False,arial,1.0,4012.8,2355.2,5670.4,1.0,,,100.0,60,12-04-2019 00:11
1,8136,2,recognition,True,Non-designer,False,arial,1.0,4269.9375,5860.125,2679.75,1.0,1.0,1.0,100.0,60,12-04-2019 00:11
1,8208,1,lexical,True,Non-designer,False,arial,0.75,3944.45,2382.4,5506.5,0.9,,,100.0,31,12-04-2019 00:06
1,8208,1,recognition,True,Non-designer,False,arial,0.8125,4047.0625,3773.875,4320.25,0.875,0.75,1.0,100.0,31,12-04-2019 00:06
1,8208,2,lexical,True,Non-designer,False,sansforgetica,0.85,3706.55,2526.0,4887.1,1.0,,,75.0,39,12-04-2019 00:06
1,8208,2,recognition,True,Non-designer,False,sansforgetica,0.8125,3036.1875,3001.0,3071.375,0.8671875,0.84375,0.875,75.0,39,12-04-2019 00:06
1,8280,1,lexical,True,Letter designer,True,sansforgetica,0.95,3021.9,1985.8,4058.0,1.0,,,75.0,78,11-04-2019 23:49
1,8280,1,recognition,True,Letter designer,True,sansforgetica,0.9375,2618.375,3130.625,2106.125,1.0,1.0,1.0,75.0,78,11-04-2019 23:49
1,8280,2,lexical,True,Letter designer,True,arial,0.6,2642.55,1805.1,3480.0,1.0,,,50.0,70,11-04-2019 23:49
1,8280,2,recognition,True,Letter designer,True,arial,0.6875,2703.9375,2405.375,3002.5,0.8046875,0.65625,1.0,50.0,70,11-04-2019 23:49
1,8352,1,lexical,True,Non-designer,False,arial,1.0,2032.7,1749.4,2316.0,1.0,,,100.0,80,11-04-2019 22:04
1,8352,1,recognition,True,Non-designer,False,arial,0.9375,2358.0625,2470.0,2246.125,0.9375,1.0,0.875,100.0,80,11-04-2019 22:04
1,8352,2,lexical,True,Non-designer,False,sansforgetica,1.0,2393.25,1822.2,2964.3,1.0,,,25.0,73,11-04-2019 22:04
1,8352,2,recognition,True,Non-designer,False,sansforgetica,0.9375,2707.1875,2685.0,2729.375,1.0,1.0,1.0,25.0,73,11-04-2019 22:04
1,8424,1,lexical,True,Non-designer,False,arial,0.9,2508.55,2116.0,2901.1,1.0,,,100.0,50,11-04-2019 21:36
1,8424,1,recognition,True,Non-designer,False,arial,0.4375,4350.0,3733.125,4966.875,0.4609375,0.5,0.46875,100.0,50,11-04-2019 21:36
1,8424,2,lexical,True,Non-designer,False,sansforgetica,0.9,3895.1,3481.5,4308.7,0.95,,,75.0,50,11-04-2019 21:36
1,8424,2,recognition,True,Non-designer,False,sansforgetica,0.875,3758.75,3409.0,4108.5,1.0,1.0,1.0,75.0,50,11-04-2019 21:36
1,8496,1,lexical,True,Letter designer,True,sansforgetica,0.95,2489.0,1747.9,3230.1,1.0,,,50.0,33,11-04-2019 20:38
1,8496,1,recognition,True,Letter designer,True,sansforgetica,0.8125,4001.8125,3900.375,4103.25,0.90625,0.8125,1.0,50.0,33,11-04-2019 20:38
1,8496,2,lexical,True,Letter designer,True,arial,1.0,2408.15,2058.3,2758.0,1.0,,,100.0,47,11-04-2019 20:38
1,8496,2,recognition,True,Letter designer,True,arial,0.75,2908.375,3172.875,2643.875,0.90625,0.9375,0.875,100.0,47,11-04-2019 20:38
1,8568,1,lexical,True,Non-designer,False,arial,0.85,2658.05,1781.2,3534.9,1.0,,,50.0,71,11-04-2019 20:35
1,8568,1,recognition,True,Non-designer,False,arial,1.0,2740.75,2969.0,2512.5,1.0,1.0,1.0,50.0,71,11-04-2019 20:35
1,8568,2,lexical,True,Non-designer,False,sansforgetica,1.0,3409.75,2196.8,4622.7,1.0,,,50.0,76,11-04-2019 20:35
1,8568,2,recognition,True,Non-designer,False,sansforgetica,0.8125,2598.0,2356.375,2839.625,0.875,0.875,0.875,50.0,76,11-04-2019 20:35
1,8640,1,lexical,True,Non-designer,False,sansforgetica,1.0,2927.55,2760.8,3094.3,1.0,,,75.0,85,11-04-2019 20:21
1,8640,1,recognition,True,Non-designer,False,sansforgetica,1.0,2608.875,2330.125,2887.625,1.0,1.0,1.0,75.0,85,11-04-2019 20:21
1,8640,2,lexical,True,Non-designer,False,arial,0.95,1960.15,1844.7,2075.6,0.95,,,100.0,81,11-04-2019 20:21
1,8640,2,recognition,True,Non-designer,False,arial,0.875,2148.3125,2156.875,2139.75,0.9375,1.0,0.875,100.0,81,11-04-2019 20:21
1,8712,1,lexical,True,Non-designer,False,sansforgetica,1.0,2632.85,2110.5,3155.2,1.0,,,25.0,50,11-04-2019 20:03
1,8712,1,recognition,True,Non-designer,False,sansforgetica,0.8125,3169.3125,2073.625,4265.0,0.828125,0.6875,1.0,25.0,50,11-04-2019 20:03
1,8712,2,lexical,True,Non-designer,False,arial,0.95,2143.4,2024.0,2262.8,0.9500000000000001,,,100.0,50,11-04-2019 20:03
1,8712,2,recognition,True,Non-designer,False,arial,0.875,2378.9375,2807.5,1950.375,0.875,1.0,0.75,100.0,50,11-04-2019 20:03
1,8784,1,lexical,True,Non-designer,False,sansforgetica,0.95,4026.1,2912.0,5140.2,1.0,,,50.0,23,11-04-2019 19:54
1,8784,1,recognition,True,Non-designer,False,sansforgetica,0.9375,3017.1875,2734.5,3299.875,0.9140625,1.0,0.84375,50.0,23,11-04-2019 19:54
1,8784,2,lexical,True,Non-designer,False,arial,0.95,3032.75,2287.7,3777.8,0.945,,,100.0,26,11-04-2019 19:54
1,8784,2,recognition,True,Non-designer,False,arial,0.8125,3009.25,2028.125,3990.375,0.796875,0.96875,0.625,100.0,26,11-04-2019 19:54
1,8856,1,lexical,True,Non-designer,False,arial,0.95,4616.9,3127.1,6106.7,1.0,,,100.0,89,11-04-2019 19:53
1,8856,1,recognition,True,Non-designer,False,arial,0.875,3588.625,4490.125,2687.125,0.9375,0.875,1.0,100.0,89,11-04-2019 19:53
1,8856,2,lexical,True,Non-designer,False,sansforgetica,1.0,5610.3,3290.1,7930.5,1.0,,,75.0,79,11-04-2019 19:53
1,8856,2,recognition,True,Non-designer,False,sansforgetica,1.0,4149.8125,3622.75,4676.875,1.0,1.0,1.0,75.0,79,11-04-2019 19:53
1,8928,1,lexical,True,Non-designer,False,sansforgetica,1.0,1858.7,1624.6,2092.8,1.0,,,50.0,50,11-04-2019 19:51
1,8928,1,recognition,True,Non-designer,False,sansforgetica,1.0,1993.6875,1865.75,2121.625,1.0,1.0,1.0,50.0,50,11-04-2019 19:51
1,8928,2,lexical,True,Non-designer,False,arial,0.95,1563.5,1673.7,1453.3,0.9500000000000001,,,100.0,50,11-04-2019 19:51
1,8928,2,recognition,True,Non-designer,False,arial,0.875,1817.25,1880.25,1754.25,0.875,0.875,0.875,100.0,50,11-04-2019 19:51
1,9000,1,lexical,True,Non-designer,False,arial,1.0,3856.6,3394.4,4318.8,1.0,,,100.0,71,11-04-2019 19:26
1,9000,1,recognition,True,Non-designer,False,arial,0.9333333333333333,5993.266666666666,5595.25,6448.142857142857,0.9910714285714286,0.96875,1.0,100.0,71,11-04-2019 19:26
1,9000,2,lexical,True,Non-designer,False,sansforgetica,1.0,6145.4,6587.5,5703.3,1.0,,,25.0,77,11-04-2019 19:26
1,9000,2,recognition,True,Non-designer,False,sansforgetica,0.9375,5241.5625,3574.5,6908.625,0.921875,0.875,1.0,25.0,77,11-04-2019 19:26
1,9072,1,lexical,True,Non-designer,False,sansforgetica,1.0,2942.0,1958.4,3925.6,1.0,,,50.0,40,11-04-2019 19:22
1,9072,1,recognition,True,Non-designer,False,sansforgetica,0.9375,2948.75,2472.5,3425.0,0.9140625,1.0,0.84375,50.0,40,11-04-2019 19:22
1,9072,2,lexical,True,Non-designer,False,arial,1.0,2349.85,1797.3,2902.4,1.0,,,100.0,41,11-04-2019 19:22
1,9072,2,recognition,True,Non-designer,False,arial,0.8125,2356.3125,1988.375,2724.25,0.8671875,0.75,1.0,100.0,41,11-04-2019 19:22
1,9144,1,lexical,True,Non-designer,False,arial,0.95,3274.05,3056.5,3491.6,0.9500000000000001,,,50.0,48,11-04-2019 17:58
1,9144,1,recognition,True,Non-designer,False,arial,0.9375,3280.25,3501.25,3059.25,0.9296875,0.875,1.0,50.0,48,11-04-2019 17:58
1,9144,2,lexical,True,Non-designer,False,sansforgetica,1.0,3552.8,3305.4,3800.2,1.0,,,50.0,50,11-04-2019 17:58
1,9144,2,recognition,True,Non-designer,False,sansforgetica,1.0,2999.125,3207.875,2790.375,1.0,1.0,1.0,50.0,50,11-04-2019 17:58
1,9216,1,lexical,True,Non-designer,False,sansforgetica,0.9,3329.75,1828.6,4830.9,0.95,,,50.0,36,11-04-2019 17:15
1,9216,1,recognition,True,Non-designer,False,sansforgetica,0.625,2890.125,2922.625,2857.625,0.78125,0.75,0.8125,50.0,36,11-04-2019 17:15
1,9216,2,lexical,True,Non-designer,False,arial,0.9,2546.05,1840.0,3252.1,1.0,,,100.0,35,11-04-2019 17:15
1,9216,2,recognition,True,Non-designer,False,arial,0.8125,2655.25,2770.875,2539.625,0.875,0.9375,0.84375,100.0,35,11-04-2019 17:15
1,9288,1,lexical,True,Non-designer,False,arial,0.75,2498.85,2036.6,2961.1,0.85,,,100.0,4,11-04-2019 16:58
1,9288,1,recognition,True,Non-designer,False,arial,0.875,2292.875,2202.625,2383.125,0.875,0.875,0.875,100.0,4,11-04-2019 16:58
1,9288,2,lexical,True,Non-designer,False,sansforgetica,0.65,2514.2,1847.1,3181.3,0.8,,,50.0,28,11-04-2019 16:58
1,9288,2,recognition,True,Non-designer,False,sansforgetica,0.875,1940.25,1976.25,1904.25,0.875,0.75,1.0,50.0,28,11-04-2019 16:58
1,9360,1,lexical,True,Letter designer,True,arial,0.85,2715.1,1235.0,4195.2,0.95,,,50.0,26,11-04-2019 16:05
1,9360,1,recognition,True,Letter designer,True,arial,1.0,2003.625,1898.75,2108.5,1.0,1.0,1.0,50.0,26,11-04-2019 16:05
1,9360,2,lexical,True,Letter designer,True,sansforgetica,0.95,2793.9,1767.1,3820.7,1.0,,,25.0,10,11-04-2019 16:05
1,9360,2,recognition,True,Letter designer,True,sansforgetica,0.9375,2238.3125,2384.875,2091.75,0.953125,0.875,1.0,25.0,10,11-04-2019 16:05
1,9432,1,lexical,True,Non-designer,False,arial,0.75,1864.85,1546.6,2183.1,0.8,,,100.0,50,11-04-2019 15:48
1,9432,1,recognition,True,Non-designer,False,arial,0.625,2387.1875,2544.125,2230.25,0.6875,0.875,0.5,100.0,50,11-04-2019 15:48
1,9432,2,lexical,True,Non-designer,False,sansforgetica,0.85,2047.4,1650.8,2444.0,0.85,,,100.0,50,11-04-2019 15:48
1,9432,2,recognition,True,Non-designer,False,sansforgetica,0.8125,1890.0625,1697.5,2082.625,0.8125,0.75,0.875,100.0,50,11-04-2019 15:48
1,9504,1,lexical,True,Non-designer,False,arial,0.95,2143.35,1602.8,2683.9,1.0,,,100.0,74,11-04-2019 15:03
1,9504,1,recognition,True,Non-designer,False,arial,0.9375,1901.3125,2039.75,1762.875,0.9296875,0.84375,1.0,100.0,74,11-04-2019 15:03
1,9504,2,lexical,True,Non-designer,False,sansforgetica,0.8,2102.0,1177.6,3026.4,0.85,,,50.0,79,11-04-2019 15:03
1,9504,2,recognition,True,Non-designer,False,sansforgetica,0.9375,2034.125,1832.0,2236.25,1.0,1.0,1.0,50.0,79,11-04-2019 15:03
1,9576,1,lexical,True,Non-designer,False,sansforgetica,1.0,2831.55,1857.9,3805.2,1.0,,,75.0,29,11-04-2019 15:01
1,9576,1,recognition,True,Non-designer,False,sansforgetica,0.9375,2630.75,2018.875,3242.625,0.9375,1.0,0.875,75.0,29,11-04-2019 15:01
1,9576,2,lexical,True,Non-designer,False,arial,1.0,2347.6,2056.5,2638.7,1.0,,,75.0,50,11-04-2019 15:01
1,9576,2,recognition,True,Non-designer,False,arial,0.9375,2376.9375,2554.75,2199.125,0.9375,1.0,0.875,75.0,50,11-04-2019 15:01
1,9648,1,lexical,True,Non-designer,False,arial,0.9,5411.95,3760.5,7063.4,0.95,,,100.0,67,11-04-2019 14:54
1,9648,1,recognition,True,Non-designer,False,arial,0.875,5163.125,4405.25,5921.0,0.9765625,1.0,0.9375,100.0,67,11-04-2019 14:54
1,9648,2,lexical,True,Non-designer,False,sansforgetica,0.9,6291.15,3343.1,9239.2,0.9,,,50.0,62,11-04-2019 14:54
1,9648,2,recognition,True,Non-designer,False,sansforgetica,0.9375,4640.1875,5508.375,3772.0,1.0,1.0,1.0,50.0,62,11-04-2019 14:54
1,9720,1,lexical,True,Non-designer,False,sansforgetica,0.9,2619.1,1586.5,3651.7,1.0,,,50.0,71,11-04-2019 14:38
1,9720,1,recognition,True,Non-designer,False,sansforgetica,1.0,2111.9375,2317.125,1906.75,1.0,1.0,1.0,50.0,71,11-04-2019 14:38
1,9720,2,lexical,True,Non-designer,False,arial,1.0,2006.75,1754.8,2258.7,1.0,,,100.0,87,11-04-2019 14:38
1,9720,2,recognition,True,Non-designer,False,arial,0.9375,2196.375,2517.375,1875.375,0.984375,0.9375,1.0,100.0,87,11-04-2019 14:38
1,9792,1,lexical,True,Non-designer,False,sansforgetica,0.95,2636.85,1526.0,3747.7,1.0,,,75.0,50,11-04-2019 14:26
1,9792,1,recognition,True,Non-designer,False,sansforgetica,0.9375,1834.125,1959.75,1708.5,0.9921875,1.0,1.0,75.0,50,11-04-2019 14:26
1,9792,2,lexical,True,Non-designer,False,arial,0.95,1513.95,1308.2,1719.7,0.9500000000000001,,,100.0,50,11-04-2019 14:26
1,9792,2,recognition,True,Non-designer,False,arial,0.8125,1690.3125,1567.75,1812.875,0.8359375,0.875,0.8125,100.0,50,11-04-2019 14:26
1,9864,1,lexical,True,Graphic designer,True,sansforgetica,0.8,3942.6,1773.8,6111.4,0.9500000000000001,,,50.0,18,11-04-2019 13:09
1,9864,1,recognition,True,Graphic designer,True,sansforgetica,0.5625,2425.6875,2060.625,2790.75,0.578125,0.5,0.6875,50.0,18,11-04-2019 13:09
1,9864,2,lexical,True,Graphic designer,True,arial,0.8,2360.2,1575.4,3145.0,1.0,,,100.0,64,11-04-2019 13:09
1,9864,2,recognition,True,Graphic designer,True,arial,0.6875,1489.625,1361.75,1617.5,0.6875,0.625,0.75,100.0,64,11-04-2019 13:09
1,9936,1,lexical,True,Non-designer,False,sansforgetica,1.0,3988.3,3235.0,4741.6,1.0,,,50.0,50,11-04-2019 12:28
1,9936,1,recognition,True,Non-designer,False,sansforgetica,0.9375,3809.6875,3780.125,3839.25,0.984375,0.96875,1.0,50.0,50,11-04-2019 12:28
1,9936,2,lexical,True,Non-designer,False,arial,1.0,2584.65,2082.7,3086.6,1.0,,,100.0,50,11-04-2019 12:28
1,9936,2,recognition,True,Non-designer,False,arial,0.875,3049.9375,2154.0,3945.875,0.921875,0.875,0.96875,100.0,50,11-04-2019 12:28
1,10008,1,lexical,True,Graphic designer,True,arial,1.0,2456.05,1749.0,3163.1,1.0,,,100.0,68,11-04-2019 12:12
1,10008,1,recognition,True,Graphic designer,True,arial,0.75,2957.4375,3154.75,2760.125,0.9375,0.875,1.0,100.0,68,11-04-2019 12:12
1,10008,2,lexical,True,Graphic designer,True,sansforgetica,1.0,2325.55,1389.4,3261.7,1.0,,,50.0,70,11-04-2019 12:12
1,10008,2,recognition,True,Graphic designer,True,sansforgetica,0.875,2078.5,2146.75,2010.25,0.9375,0.875,1.0,50.0,70,11-04-2019 12:12
1,10080,1,lexical,True,Non-designer,False,arial,0.95,3275.95,2247.8,4304.1,1.0,,,100.0,92,11-04-2019 08:33
1,10080,1,recognition,True,Non-designer,False,arial,0.8125,2875.4375,2979.5,2771.375,0.8125,0.625,1.0,100.0,92,11-04-2019 08:33
1,10080,2,lexical,True,Non-designer,False,sansforgetica,1.0,3165.1,2081.2,4249.0,1.0,,,25.0,89,11-04-2019 08:33
1,10080,2,recognition,True,Non-designer,False,sansforgetica,0.9375,2873.75,3006.875,2740.625,0.9296875,1.0,0.875,25.0,89,11-04-2019 08:33
1,10152,1,lexical,True,Graphic designer,True,sansforgetica,0.75,2752.45,1538.1,3966.8,0.9500000000000001,,,50.0,65,11-04-2019 08:12
1,10152,1,recognition,True,Graphic designer,True,sansforgetica,0.875,2625.625,2300.75,2950.5,0.90625,1.0,0.8125,50.0,65,11-04-2019 08:12
1,10152,2,lexical,True,Graphic designer,True,arial,0.8,2018.3,1577.2,2459.4,0.95,,,100.0,70,11-04-2019 08:12
1,10152,2,recognition,True,Graphic designer,True,arial,0.875,1617.125,1637.75,1596.5,0.9296875,0.875,1.0,100.0,70,11-04-2019 08:12
1,10224,1,lexical,True,Non-designer,False,sansforgetica,1.0,2830.35,1780.0,3880.7,1.0,,,50.0,50,10-04-2019 21:00
1,10224,1,recognition,True,Non-designer,False,sansforgetica,0.9375,3122.0,2550.875,3693.125,0.9140625,0.84375,1.0,50.0,50,10-04-2019 21:00
1,10224,2,lexical,True,Non-designer,False,arial,1.0,2464.05,1758.2,3169.9,1.0,,,100.0,50,10-04-2019 21:00
1,10224,2,recognition,True,Non-designer,False,arial,0.8125,1914.5,1794.375,2034.625,0.8984375,0.8125,0.96875,100.0,50,10-04-2019 21:00
1,10296,1,lexical,True,Letter designer,True,sansforgetica,1.0,7555.2307692307695,4634.3,17291.666666666668,1.0,,,25.0,28,10-04-2019 08:56
1,10296,1,recognition,True,Letter designer,True,sansforgetica,0.875,2467.0,2780.125,2153.875,0.8125,0.5625,1.0,25.0,28,10-04-2019 08:56
1,10296,2,lexical,True,Letter designer,True,arial,1.0,4437.894736842105,1880.9,7279.0,1.0,,,100.0,76,10-04-2019 08:56
1,10296,2,recognition,True,Letter designer,True,arial,0.8125,2560.0625,2882.75,2237.375,0.8515625,0.8125,0.875,100.0,76,10-04-2019 08:56
1,10368,1,lexical,True,Non-designer,False,sansforgetica,0.95,5548.75,5017.5,6080.0,1.0,,,50.0,78,10-04-2019 08:15
1,10368,1,recognition,True,Non-designer,False,sansforgetica,0.8125,3922.9375,3709.25,4136.625,0.890625,0.875,1.0,50.0,78,10-04-2019 08:15
1,10368,2,lexical,True,Non-designer,False,arial,1.0,2410.2,2284.7,2535.7,1.0,,,100.0,83,10-04-2019 08:15
1,10368,2,recognition,True,Non-designer,False,arial,0.6875,4606.625,4369.25,4844.0,0.8125,0.8125,1.0,100.0,83,10-04-2019 08:15
1,10440,1,lexical,True,Graphic designer,True,arial,0.55,3102.25,2010.8,4193.7,0.7999999999999999,,,75.0,80,10-04-2019 06:04
1,10440,1,recognition,True,Graphic designer,True,arial,0.75,2767.125,2962.125,2572.125,0.875,0.875,0.875,75.0,80,10-04-2019 06:04
1,10440,2,lexical,True,Graphic designer,True,sansforgetica,0.8,2833.65,1634.4,4032.9,0.95,,,50.0,81,10-04-2019 06:04
1,10440,2,recognition,True,Graphic designer,True,sansforgetica,0.875,1880.75,1888.0,1873.5,0.9375,0.875,1.0,50.0,81,10-04-2019 06:04
1,10512,1,lexical,True,Non-designer,False,arial,0.95,2571.9,2077.9,3065.9,1.0,,,100.0,75,09-04-2019 14:27
1,10512,1,recognition,True,Non-designer,False,arial,1.0,2561.375,2327.5,2795.25,1.0,1.0,1.0,100.0,75,09-04-2019 14:27
1,10512,2,lexical,True,Non-designer,False,sansforgetica,1.0,2847.45,1730.2,3964.7,1.0,,,25.0,75,09-04-2019 14:27
1,10512,2,recognition,True,Non-designer,False,sansforgetica,0.875,3370.75,3189.0,3552.5,0.8984375,0.96875,0.875,25.0,75,09-04-2019 14:27
1,10584,1,lexical,True,Non-designer,False,arial,0.95,3557.2,2537.0,4577.4,1.0,,,100.0,23,08-04-2019 20:45
1,10584,1,recognition,True,Non-designer,False,arial,0.8125,3744.9375,4437.125,3052.75,0.9375,0.875,1.0,100.0,23,08-04-2019 20:45
1,10584,2,lexical,True,Non-designer,False,sansforgetica,0.95,3570.25,2664.4,4476.1,1.0,,,50.0,19,08-04-2019 20:45
1,10584,2,recognition,True,Non-designer,False,sansforgetica,0.8125,3944.125,3735.875,4152.375,0.8671875,0.9375,0.84375,50.0,19,08-04-2019 20:45
1,10656,1,lexical,True,Non-designer,False,sansforgetica,1.0,3291.85,2731.8,3851.9,1.0,,,50.0,37,08-04-2019 18:28
1,10656,1,recognition,True,Non-designer,False,sansforgetica,0.6875,3667.4375,3793.75,3541.125,0.7734375,0.59375,0.9375,50.0,37,08-04-2019 18:28
1,10656,2,lexical,True,Non-designer,False,arial,1.0,2757.7,1934.8,3580.6,1.0,,,100.0,39,08-04-2019 18:28
1,10656,2,recognition,True,Non-designer,False,arial,1.0,3194.0625,3548.625,2839.5,1.0,1.0,1.0,100.0,39,08-04-2019 18:28
1,10728,1,lexical,True,Non-designer,False,arial,1.0,2424.3,1958.3,2890.3,1.0,,,75.0,50,08-04-2019 14:50
1,10728,1,recognition,True,Non-designer,False,arial,0.625,2954.5,2360.125,3548.875,0.71875,0.625,0.78125,75.0,50,08-04-2019 14:50
1,10728,2,lexical,True,Non-designer,False,sansforgetica,1.0,2966.45,2824.0,3108.9,1.0,,,50.0,68,08-04-2019 14:50
1,10728,2,recognition,True,Non-designer,False,sansforgetica,0.6875,3222.25,2570.0,3874.5,0.796875,0.875,0.71875,50.0,68,08-04-2019 14:50
1,10800,1,lexical,False,Typographer,True,arial,0.85,2120.15,1382.7,2857.6,1.0,,,75.0,80,08-04-2019 14:11
1,10800,1,recognition,False,Typographer,True,arial,0.9375,2660.625,2374.875,2946.375,0.9375,0.875,1.0,75.0,80,08-04-2019 14:11
1,10800,2,lexical,False,Typographer,True,sansforgetica,0.95,2578.0,1774.4,3381.6,1.0,,,25.0,82,08-04-2019 14:11
1,10800,2,recognition,False,Typographer,True,sansforgetica,0.8125,2230.9375,1899.75,2562.125,0.875,0.75,1.0,25.0,82,08-04-2019 14:11
1,10872,1,lexical,True,Letter designer,True,arial,0.7368421052631579,5914.631578947368,2493.3,9716.111111111111,1.0,,,100.0,30,08-04-2019 13:25
1,10872,1,recognition,True,Letter designer,True,arial,0.9333333333333333,5531.133333333333,6155.875,4817.142857142857,0.9285714285714286,0.875,1.0,100.0,30,08-04-2019 13:25
1,10872,2,lexical,True,Letter designer,True,sansforgetica,0.85,5890.5,3481.3,8299.7,0.9,,,100.0,34,08-04-2019 13:25
1,10872,2,recognition,True,Letter designer,True,sansforgetica,0.75,6171.625,5217.5,7125.75,0.7421875,0.84375,0.625,100.0,34,08-04-2019 13:25
1,10944,1,lexical,True,Letter designer,True,sansforgetica,1.0,2620.9,2065.9,3175.9,1.0,,,50.0,50,08-04-2019 13:14
1,10944,1,recognition,True,Letter designer,True,sansforgetica,0.9375,4226.625,3894.125,4559.125,0.9296875,1.0,0.84375,50.0,50,08-04-2019 13:14
1,10944,2,lexical,True,Letter designer,True,arial,1.0,3009.15,2255.0,3763.3,1.0,,,75.0,50,08-04-2019 13:14
1,10944,2,recognition,True,Letter designer,True,arial,0.9375,2282.0625,2112.0,2452.125,0.9375,1.0,0.875,75.0,50,08-04-2019 13:14
1,11016,1,lexical,True,Non-designer,False,sansforgetica,0.95,1965.45,1620.4,2310.5,1.0,,,25.0,14,06-04-2019 22:12
1,11016,1,recognition,True,Non-designer,False,sansforgetica,1.0,2622.6875,2079.5,3165.875,1.0,1.0,1.0,25.0,14,06-04-2019 22:12
1,11016,2,lexical,True,Non-designer,False,arial,1.0,1973.5,1410.4,2536.6,1.0,,,50.0,14,06-04-2019 22:12
1,11016,2,recognition,True,Non-designer,False,arial,0.9375,2106.0625,2084.625,2127.5,1.0,1.0,1.0,50.0,14,06-04-2019 22:12
1,11088,1,lexical,True,Letter designer,True,arial,0.95,1712.45,1032.8,2392.1,1.0,,,100.0,34,05-04-2019 12:16
1,11088,1,recognition,True,Letter designer,True,arial,0.875,1823.8125,1737.5,1910.125,0.9765625,1.0,1.0,100.0,34,05-04-2019 12:16
1,11088,2,lexical,True,Letter designer,True,sansforgetica,0.85,2122.45,1492.5,2752.4,0.9500000000000001,,,25.0,35,05-04-2019 12:16
1,11088,2,recognition,True,Letter designer,True,sansforgetica,0.875,1568.5,1332.625,1804.375,0.9375,0.875,1.0,25.0,35,05-04-2019 12:16
1,11160,1,lexical,True,Letter designer,True,sansforgetica,0.85,3556.4,2021.4,5091.4,1.0,,,25.0,25,05-04-2019 11:41
1,11160,1,recognition,True,Letter designer,True,sansforgetica,1.0,2805.4375,2988.75,2622.125,1.0,1.0,1.0,25.0,25,05-04-2019 11:41
1,11160,2,lexical,True,Letter designer,True,arial,0.75,2755.95,1598.3,3913.6,1.0,,,75.0,50,05-04-2019 11:41
1,11160,2,recognition,True,Letter designer,True,arial,0.8125,1892.875,1975.875,1809.875,0.8515625,0.875,0.84375,75.0,50,05-04-2019 11:41
1,11232,1,lexical,True,Non-designer,False,sansforgetica,1.0,2004.05,1520.8,2487.3,1.0,,,25.0,35,05-04-2019 09:45
1,11232,1,recognition,True,Non-designer,False,sansforgetica,0.875,2571.125,2474.75,2667.5,0.9140625,1.0,0.875,25.0,35,05-04-2019 09:45
1,11232,2,lexical,True,Non-designer,False,arial,1.0,1721.25,1449.3,1993.2,1.0,,,75.0,41,05-04-2019 09:45
1,11232,2,recognition,True,Non-designer,False,arial,0.8125,1939.125,2026.0,1852.25,0.96875,0.9375,1.0,75.0,41,05-04-2019 09:45
1,11304,1,lexical,True,Graphic designer,True,sansforgetica,0.8,3045.6,2411.0,3680.2,1.0,,,50.0,60,05-04-2019 04:23
1,11304,1,recognition,True,Graphic designer,True,sansforgetica,0.875,2986.0,3022.625,2949.375,0.9296875,1.0,0.875,50.0,60,05-04-2019 04:23
1,11304,2,lexical,True,Graphic designer,True,arial,0.9,2585.6,1915.0,3256.2,0.955,,,75.0,46,05-04-2019 04:23
1,11304,2,recognition,True,Graphic designer,True,arial,0.6875,2480.125,2468.875,2491.375,0.8125,0.8125,0.8125,75.0,46,05-04-2019 04:23
1,11376,1,lexical,True,Non-designer,False,arial,0.85,2631.55,1914.7,3348.4,1.0,,,100.0,69,04-04-2019 22:31
1,11376,1,recognition,True,Non-designer,False,arial,0.6875,2833.75,2537.125,3130.375,0.8359375,0.78125,0.875,100.0,69,04-04-2019 22:31
1,11376,2,lexical,True,Non-designer,False,sansforgetica,0.85,3084.85,2237.4,3932.3,1.0,,,0.0,44,04-04-2019 22:31
1,11376,2,recognition,True,Non-designer,False,sansforgetica,0.8125,3106.1875,3226.125,2986.25,0.9296875,0.8125,1.0,0.0,44,04-04-2019 22:31
1,11448,1,lexical,True,Letter designer,True,arial,0.85,2413.5,1672.9,3154.1,0.95,,,25.0,69,04-04-2019 20:58
1,11448,1,recognition,True,Letter designer,True,arial,0.8125,2817.1875,1960.5,3673.875,0.8515625,0.875,0.84375,25.0,69,04-04-2019 20:58
1,11448,2,lexical,True,Letter designer,True,sansforgetica,0.9473684210526315,2968.842105263158,2684.3333333333335,3224.9,0.9944444444444445,,,0.0,59,04-04-2019 20:58
1,11448,2,recognition,True,Letter designer,True,sansforgetica,0.9375,1997.25,1840.0,2154.5,0.9296875,0.875,1.0,0.0,59,04-04-2019 20:58
1,11520,1,lexical,True,Non-designer,False,sansforgetica,0.95,2250.5,1981.0,2520.0,1.0,,,25.0,50,04-04-2019 20:30
1,11520,1,recognition,True,Non-designer,False,sansforgetica,0.875,2632.625,2239.875,3025.375,0.921875,0.875,1.0,25.0,50,04-04-2019 20:30
1,11520,2,lexical,True,Non-designer,False,arial,0.95,2240.5,1871.2,2609.8,1.0,,,100.0,50,04-04-2019 20:30
1,11520,2,recognition,True,Non-designer,False,arial,0.8125,2052.25,1948.0,2156.5,0.9453125,1.0,0.875,100.0,50,04-04-2019 20:30
1,11592,1,lexical,True,Other designer,True,sansforgetica,0.9,2392.95,1615.0,3170.9,1.0,,,50.0,25,04-04-2019 19:51
1,11592,1,recognition,True,Other designer,True,sansforgetica,0.6875,2810.625,2713.75,2907.5,0.7265625,0.46875,1.0,50.0,25,04-04-2019 19:51
1,11592,2,lexical,True,Other designer,True,arial,0.95,2592.6,1558.6,3626.6,0.9500000000000001,,,100.0,31,04-04-2019 19:51
1,11592,2,recognition,True,Other designer,True,arial,0.625,2474.75,2095.75,2853.75,0.7421875,0.84375,0.625,100.0,31,04-04-2019 19:51
1,11664,1,lexical,True,Typographer,True,sansforgetica,0.95,1942.5,1619.6,2265.4,1.0,,,50.0,41,04-04-2019 19:00
1,11664,1,recognition,True,Typographer,True,sansforgetica,0.9375,2067.6875,1955.0,2180.375,1.0,1.0,1.0,50.0,41,04-04-2019 19:00
1,11664,2,lexical,True,Typographer,True,arial,0.95,1769.9,1394.2,2145.6,0.9500000000000001,,,100.0,41,04-04-2019 19:00
1,11664,2,recognition,True,Typographer,True,arial,0.75,1887.1875,2023.375,1751.0,0.890625,0.84375,0.875,100.0,41,04-04-2019 19:00
1,11736,1,lexical,True,Typographer,True,sansforgetica,1.0,1540.75,1308.9,1772.6,1.0,,,25.0,42,04-04-2019 18:34
1,11736,1,recognition,True,Typographer,True,sansforgetica,0.875,2858.5,3046.0,2671.0,0.9375,1.0,0.875,25.0,42,04-04-2019 18:34
1,11736,2,lexical,True,Typographer,True,arial,1.0,1564.05,1383.2,1744.9,1.0,,,100.0,50,04-04-2019 18:34
1,11736,2,recognition,True,Typographer,True,arial,0.8125,2803.75,2471.625,3135.875,0.8515625,0.75,0.9375,100.0,50,04-04-2019 18:34
1,11808,1,lexical,True,Letter designer,True,sansforgetica,0.9,2059.6,1289.1,2830.1,1.0,,,50.0,75,04-04-2019 18:16
1,11808,1,recognition,True,Letter designer,True,sansforgetica,0.75,2749.4375,2083.25,3415.625,0.90625,0.90625,0.9375,50.0,75,04-04-2019 18:16
1,11808,2,lexical,True,Letter designer,True,arial,0.95,2183.1,1557.1,2809.1,1.0,,,100.0,90,04-04-2019 18:16
1,11808,2,recognition,True,Letter designer,True,arial,1.0,1985.5,1856.875,2114.125,1.0,1.0,1.0,100.0,90,04-04-2019 18:16
1,11880,1,lexical,True,Non-designer,False,arial,1.0,2569.35,2362.2,2776.5,1.0,,,100.0,50,04-04-2019 17:49
1,11880,1,recognition,True,Non-designer,False,arial,1.0,2315.8125,2337.25,2294.375,1.0,1.0,1.0,100.0,50,04-04-2019 17:49
1,11880,2,lexical,True,Non-designer,False,sansforgetica,1.0,1845.85,1476.9,2214.8,1.0,,,25.0,50,04-04-2019 17:49
1,11880,2,recognition,True,Non-designer,False,sansforgetica,0.875,2103.875,2186.625,2021.125,0.8984375,0.9375,0.84375,25.0,50,04-04-2019 17:49
1,11952,1,lexical,True,Graphic designer,True,arial,0.95,2705.95,1465.5,3946.4,1.0,,,100.0,62,04-04-2019 17:03
1,11952,1,recognition,True,Graphic designer,True,arial,0.9375,2272.4375,2003.875,2541.0,0.9375,0.875,1.0,100.0,62,04-04-2019 17:03
1,11952,2,lexical,True,Graphic designer,True,sansforgetica,1.0,2616.0,1941.5,3290.5,1.0,,,50.0,50,04-04-2019 17:03
1,11952,2,recognition,True,Graphic designer,True,sansforgetica,0.9375,2363.9375,2135.0,2592.875,0.9375,0.875,1.0,50.0,50,04-04-2019 17:03
1,12024,1,lexical,True,Letter designer,True,sansforgetica,0.95,1736.15,1566.3,1906.0,1.0,,,75.0,70,04-04-2019 16:11
1,12024,1,recognition,True,Letter designer,True,sansforgetica,0.875,1980.5625,1914.125,2047.0,0.984375,1.0,0.96875,75.0,70,04-04-2019 16:11
1,12024,2,lexical,True,Letter designer,True,arial,1.0,1269.25,1164.6,1373.9,1.0,,,100.0,59,04-04-2019 16:11
1,12024,2,recognition,True,Letter designer,True,arial,0.75,2051.0,1923.25,2178.75,0.734375,0.40625,1.0,100.0,59,04-04-2019 16:11
1,12096,1,lexical,True,Other designer,True,sansforgetica,0.8,2389.7,1584.8,3194.6,1.0,,,50.0,50,04-04-2019 15:30
1,12096,1,recognition,True,Other designer,True,sansforgetica,0.9375,2224.625,1886.75,2562.5,0.9375,0.875,1.0,50.0,50,04-04-2019 15:30
1,12096,2,lexical,True,Other designer,True,arial,1.0,1637.65,1440.3,1835.0,1.0,,,100.0,50,04-04-2019 15:30
1,12096,2,recognition,True,Other designer,True,arial,1.0,2352.9375,2542.75,2163.125,1.0,1.0,1.0,100.0,50,04-04-2019 15:30
1,12168,1,lexical,True,Non-designer,False,sansforgetica,0.85,2036.95,1952.4,2121.5,0.85,,,25.0,74,04-04-2019 13:55
1,12168,1,recognition,True,Non-designer,False,sansforgetica,0.875,2452.6875,2377.25,2528.125,0.921875,1.0,0.84375,25.0,74,04-04-2019 13:55
1,12168,2,lexical,True,Non-designer,False,arial,0.9,2174.85,1630.1,2719.6,0.9,,,100.0,73,04-04-2019 13:55
1,12168,2,recognition,True,Non-designer,False,arial,0.8125,2449.125,2121.5,2776.75,0.8125,0.875,0.75,100.0,73,04-04-2019 13:55
1,12240,1,lexical,True,Typographer,True,sansforgetica,0.85,2754.95,1535.3,3974.6,0.9500000000000001,,,50.0,69,04-04-2019 13:11
1,12240,1,recognition,True,Typographer,True,sansforgetica,1.0,2400.5625,2491.0,2310.125,1.0,1.0,1.0,50.0,69,04-04-2019 13:11
1,12240,2,lexical,True,Typographer,True,arial,0.95,2383.35,2526.2,2240.5,1.0,,,100.0,50,04-04-2019 13:11
1,12240,2,recognition,True,Typographer,True,arial,0.9375,1939.8125,1958.75,1920.875,1.0,1.0,1.0,100.0,50,04-04-2019 13:11
1,12312,1,lexical,True,Graphic designer,True,sansforgetica,0.85,2379.45,1838.4,2920.5,0.8500000000000001,,,100.0,27,04-04-2019 13:02
1,12312,1,recognition,True,Graphic designer,True,sansforgetica,0.875,2214.25,1774.0,2654.5,0.875,0.875,0.875,100.0,27,04-04-2019 13:02
1,12312,2,lexical,True,Graphic designer,True,arial,0.95,1873.8,1222.1,2525.5,1.0,,,100.0,27,04-04-2019 13:02
1,12312,2,recognition,True,Graphic designer,True,arial,0.9375,1629.125,1586.625,1671.625,0.9375,1.0,0.875,100.0,27,04-04-2019 13:02
1,12384,1,lexical,True,Letter designer,True,arial,0.9,1969.9,1483.5,2456.3,1.0,,,50.0,28,04-04-2019 12:35
1,12384,1,recognition,True,Letter designer,True,arial,0.8125,2007.625,1625.5,2389.75,0.890625,0.875,0.875,50.0,28,04-04-2019 12:35
1,12384,2,lexical,True,Letter designer,True,sansforgetica,0.95,2394.1,1700.6,3087.6,1.0,,,25.0,27,04-04-2019 12:35
1,12384,2,recognition,True,Letter designer,True,sansforgetica,0.9375,1987.375,1990.5,1984.25,0.984375,1.0,1.0,25.0,27,04-04-2019 12:35
1,12456,1,lexical,True,Letter designer,True,arial,0.8,2360.95,1943.5,2778.4,0.87,,,100.0,76,04-04-2019 12:26
1,12456,1,recognition,True,Letter designer,True,arial,0.9375,2402.4375,2546.875,2258.0,0.9375,0.875,1.0,100.0,76,04-04-2019 12:26
1,12456,2,lexical,True,Letter designer,True,sansforgetica,1.0,3284.25,1900.6,4667.9,1.0,,,50.0,79,04-04-2019 12:26
1,12456,2,recognition,True,Letter designer,True,sansforgetica,0.75,2340.375,2200.625,2480.125,0.796875,0.75,0.8125,50.0,79,04-04-2019 12:26
1,12528,1,lexical,True,Letter designer,True,arial,0.8947368421052632,2168.7368421052633,1935.5,2427.8888888888887,0.888888888888889,,,50.0,59,04-04-2019 12:23
1,12528,1,recognition,True,Letter designer,True,arial,0.7333333333333333,2289.266666666667,2206.625,2383.714285714286,0.7946428571428572,0.875,0.75,50.0,59,04-04-2019 12:23
1,12528,2,lexical,True,Letter designer,True,sansforgetica,0.85,2181.05,2612.5,1749.6,0.8150000000000001,,,0.0,11,04-04-2019 12:23
1,12528,2,recognition,True,Letter designer,True,sansforgetica,0.625,2516.6875,2773.625,2259.75,0.671875,0.625,0.75,0.0,11,04-04-2019 12:23
1,12600,1,lexical,True,Letter designer,True,sansforgetica,0.95,2083.65,1617.9,2549.4,0.9500000000000001,,,50.0,66,04-04-2019 12:21
1,12600,1,recognition,True,Letter designer,True,sansforgetica,0.9375,2815.3125,2148.375,3482.25,1.0,1.0,1.0,50.0,66,04-04-2019 12:21
1,12600,2,lexical,True,Letter designer,True,arial,0.95,1996.3,1710.8,2281.8,1.0,,,75.0,60,04-04-2019 12:21
1,12600,2,recognition,True,Letter designer,True,arial,0.875,2056.875,1972.875,2140.875,0.9375,0.875,1.0,75.0,60,04-04-2019 12:21
1,12672,1,lexical,True,Graphic designer,True,sansforgetica,0.95,1814.35,1444.8,2183.9,1.0,,,25.0,74,04-04-2019 12:16
1,12672,1,recognition,True,Graphic designer,True,sansforgetica,0.9375,2211.4375,1516.75,2906.125,0.9140625,1.0,0.84375,25.0,74,04-04-2019 12:16
1,12672,2,lexical,True,Graphic designer,True,arial,0.95,1391.55,976.8,1806.3,1.0,,,100.0,75,04-04-2019 12:16
1,12672,2,recognition,True,Graphic designer,True,arial,0.8125,2158.875,1711.0,2606.75,0.7734375,0.875,0.6875,100.0,75,04-04-2019 12:16
1,12744,1,lexical,False,Non-designer,False,arial,0.7,3111.25,2224.1,3998.4,0.9500000000000001,,,100.0,33,04-04-2019 12:09
1,12744,1,recognition,False,Non-designer,False,arial,0.9375,2117.9375,2187.375,2048.5,0.9375,1.0,0.875,100.0,33,04-04-2019 12:09
1,12744,2,lexical,False,Non-designer,False,sansforgetica,1.0,3585.35,2568.7,4602.0,1.0,,,0.0,30,04-04-2019 12:09
1,12744,2,recognition,False,Non-designer,False,sansforgetica,0.6875,3180.625,3052.0,3309.25,0.640625,0.625,0.6875,0.0,30,04-04-2019 12:09
1,12816,1,lexical,True,Other designer,True,sansforgetica,1.0,1647.25,1471.7,1822.8,1.0,,,50.0,50,04-04-2019 11:54
1,12816,1,recognition,True,Other designer,True,sansforgetica,0.5625,2845.0,2020.375,3669.625,0.6875,0.53125,0.84375,50.0,50,04-04-2019 11:54
1,12816,2,lexical,True,Other designer,True,arial,1.0,1595.4,1557.5,1633.3,1.0,,,100.0,69,04-04-2019 11:54
1,12816,2,recognition,True,Other designer,True,arial,0.9375,1942.3125,2028.125,1856.5,0.9765625,0.96875,1.0,100.0,69,04-04-2019 11:54
1,12888,1,lexical,True,Typographer,True,sansforgetica,1.0,2134.9,1485.1,2784.7,1.0,,,25.0,79,04-04-2019 11:36
1,12888,1,recognition,True,Typographer,True,sansforgetica,0.75,2466.4375,2310.5,2622.375,0.8515625,0.71875,0.96875,25.0,79,04-04-2019 11:36
1,12888,2,lexical,True,Typographer,True,arial,0.95,1807.35,1285.1,2329.6,0.95,,,100.0,76,04-04-2019 11:36
1,12888,2,recognition,True,Typographer,True,arial,0.9375,2485.0,2827.75,2142.25,0.9765625,0.9375,1.0,100.0,76,04-04-2019 11:36
1,12960,1,lexical,False,Other designer,True,arial,0.95,2210.25,1433.7,2986.8,1.0,,,50.0,65,04-04-2019 11:17
1,12960,1,recognition,False,Other designer,True,arial,0.8125,2485.125,2992.875,1977.375,0.875,0.875,0.875,50.0,65,04-04-2019 11:17
1,12960,2,lexical,False,Other designer,True,sansforgetica,0.95,2501.5,1610.8,3392.2,1.0,,,25.0,65,04-04-2019 11:17
1,12960,2,recognition,False,Other designer,True,sansforgetica,0.6875,1910.5,1847.625,1973.375,0.734375,0.625,0.8125,25.0,65,04-04-2019 11:17
1,13032,1,lexical,True,Letter designer,True,sansforgetica,1.0,4678.15,2195.5,7160.8,1.0,,,25.0,75,04-04-2019 11:05
1,13032,1,recognition,True,Letter designer,True,sansforgetica,0.9333333333333333,4109.066666666667,3328.625,5001.0,0.9821428571428572,1.0,1.0,25.0,75,04-04-2019 11:05
1,13032,2,lexical,True,Letter designer,True,arial,1.0,3459.0,1408.3,5509.7,1.0,,,100.0,90,04-04-2019 11:05
1,13032,2,recognition,True,Letter designer,True,arial,0.875,3004.5625,2883.75,3125.375,1.0,1.0,1.0,100.0,90,04-04-2019 11:05
1,13104,1,lexical,True,Non-designer,False,sansforgetica,0.85,2525.3,1578.0,3472.6,1.0,,,50.0,66,04-04-2019 10:51
1,13104,1,recognition,True,Non-designer,False,sansforgetica,0.75,2295.1875,1641.125,2949.25,0.8125,0.65625,1.0,50.0,66,04-04-2019 10:51
1,13104,2,lexical,True,Non-designer,False,arial,0.9,1701.85,1229.6,2174.1,1.0,,,100.0,68,04-04-2019 10:51
1,13104,2,recognition,True,Non-designer,False,arial,1.0,1921.375,2003.125,1839.625,1.0,1.0,1.0,100.0,68,04-04-2019 10:51
1,13176,1,lexical,True,Letter designer,True,sansforgetica,1.0,1603.15,1391.9,1814.4,1.0,,,25.0,34,04-04-2019 10:37
1,13176,1,recognition,True,Letter designer,True,sansforgetica,0.8125,1657.375,1770.625,1544.125,0.8515625,0.8125,0.875,25.0,34,04-04-2019 10:37
1,13176,2,lexical,True,Letter designer,True,arial,1.0,1496.0,1106.0,1886.0,1.0,,,75.0,73,04-04-2019 10:37
1,13176,2,recognition,True,Letter designer,True,arial,0.9375,1419.9375,1375.0,1464.875,0.9296875,0.875,1.0,75.0,73,04-04-2019 10:37
1,13248,1,lexical,True,Letter designer,True,arial,0.85,2336.75,1605.7,3067.8,1.0,,,75.0,90,04-04-2019 10:32
1,13248,1,recognition,True,Letter designer,True,arial,1.0,2422.375,2110.75,2734.0,1.0,1.0,1.0,75.0,90,04-04-2019 10:32
1,13248,2,lexical,True,Letter designer,True,sansforgetica,0.9,3740.65,1639.3,5842.0,0.9999999999999999,,,0.0,80,04-04-2019 10:32
1,13248,2,recognition,True,Letter designer,True,sansforgetica,0.875,2396.5625,1995.25,2797.875,0.859375,0.84375,0.875,0.0,80,04-04-2019 10:32
1,13320,1,lexical,True,Graphic designer,True,sansforgetica,0.85,2485.95,1701.0,3270.9,0.95,,,0.0,70,04-04-2019 10:25
1,13320,1,recognition,True,Graphic designer,True,sansforgetica,1.0,2697.6875,2915.5,2479.875,1.0,1.0,1.0,0.0,70,04-04-2019 10:25
1,13320,2,lexical,True,Graphic designer,True,arial,0.85,2200.65,1519.0,2882.3,0.95,,,100.0,90,04-04-2019 10:25
1,13320,2,recognition,True,Graphic designer,True,arial,0.8125,2116.4375,2006.25,2226.625,0.8984375,0.96875,0.84375,100.0,90,04-04-2019 10:25
1,13392,1,lexical,True,Graphic designer,True,arial,0.9,2116.8,1423.8,2809.8,1.0,,,100.0,71,04-04-2019 10:04
1,13392,1,recognition,True,Graphic designer,True,arial,1.0,2276.375,2692.875,1859.875,1.0,1.0,1.0,100.0,71,04-04-2019 10:04
1,13392,2,lexical,True,Graphic designer,True,sansforgetica,1.0,2272.75,1872.3,2673.2,1.0,,,0.0,60,04-04-2019 10:04
1,13392,2,recognition,True,Graphic designer,True,sansforgetica,1.0,1941.5,1783.5,2099.5,1.0,1.0,1.0,0.0,60,04-04-2019 10:04
1,13464,1,lexical,True,Letter designer,True,arial,0.95,1868.25,1498.9,2237.6,0.9500000000000001,,,100.0,81,04-04-2019 10:03
1,13464,1,recognition,True,Letter designer,True,arial,1.0,3386.3125,2930.0,3842.625,1.0,1.0,1.0,100.0,81,04-04-2019 10:03
1,13464,2,lexical,True,Letter designer,True,sansforgetica,0.95,2051.65,1834.3,2269.0,0.9500000000000001,,,50.0,89,04-04-2019 10:03
1,13464,2,recognition,True,Letter designer,True,sansforgetica,0.9375,2880.5,2776.625,2984.375,0.9921875,1.0,1.0,50.0,89,04-04-2019 10:03
1,13536,1,lexical,True,Letter designer,True,sansforgetica,0.75,2147.55,1265.6,3029.5,0.95,,,50.0,70,04-04-2019 10:03
1,13536,1,recognition,True,Letter designer,True,sansforgetica,0.9375,1772.375,1749.0,1795.75,1.0,1.0,1.0,50.0,70,04-04-2019 10:03
1,13536,2,lexical,True,Letter designer,True,arial,0.9,2055.55,2010.4,2100.7,1.0,,,100.0,70,04-04-2019 10:03
1,13536,2,recognition,True,Letter designer,True,arial,0.6875,1855.8125,1716.875,1994.75,0.6640625,0.59375,0.75,100.0,70,04-04-2019 10:03
1,13608,1,lexical,True,Letter designer,True,sansforgetica,1.0,2422.75,2056.1,2789.4,1.0,,,25.0,22,04-04-2019 10:03
1,13608,1,recognition,True,Letter designer,True,sansforgetica,0.875,2739.1875,2992.125,2486.25,0.875,0.6875,1.0,25.0,22,04-04-2019 10:03
1,13608,2,lexical,True,Letter designer,True,arial,1.0,2085.2,1461.0,2709.4,1.0,,,100.0,37,04-04-2019 10:03
1,13608,2,recognition,True,Letter designer,True,arial,1.0,2147.3125,2192.5,2102.125,1.0,1.0,1.0,100.0,37,04-04-2019 10:03
1,13680,1,lexical,False,Graphic designer,True,arial,0.85,3227.7,1796.8,4658.6,1.0,,,100.0,22,04-04-2019 09:28
1,13680,1,recognition,False,Graphic designer,True,arial,0.875,3097.8125,2920.875,3274.75,0.921875,0.8125,1.0,100.0,22,04-04-2019 09:28
1,13680,2,lexical,False,Graphic designer,True,sansforgetica,0.7,3506.2,2882.9,4129.5,0.9500000000000001,,,75.0,17,04-04-2019 09:28
1,13680,2,recognition,False,Graphic designer,True,sansforgetica,0.9375,2486.8125,2969.875,2003.75,1.0,1.0,1.0,75.0,17,04-04-2019 09:28
1,13752,1,lexical,True,Letter designer,True,sansforgetica,0.95,2953.7,2173.0,3734.4,1.0,,,25.0,50,04-04-2019 09:02
1,13752,1,recognition,True,Letter designer,True,sansforgetica,0.9375,2942.625,2448.0,3437.25,0.984375,1.0,0.96875,25.0,50,04-04-2019 09:02
1,13752,2,lexical,True,Letter designer,True,arial,0.9,3261.6,2732.8,3790.4,0.95,,,100.0,50,04-04-2019 09:02
1,13752,2,recognition,True,Letter designer,True,arial,0.875,2080.125,1554.25,2606.0,0.875,1.0,0.6875,100.0,50,04-04-2019 09:02
1,13824,1,lexical,True,Letter designer,True,arial,0.9,4039.9,2376.0,5703.8,1.0,,,75.0,85,04-04-2019 08:32
1,13824,1,recognition,True,Letter designer,True,arial,1.0,2186.6875,1889.625,2483.75,1.0,1.0,1.0,75.0,85,04-04-2019 08:32
1,13824,2,lexical,True,Letter designer,True,sansforgetica,0.95,4101.75,2416.2,5787.3,1.0,,,25.0,75,04-04-2019 08:32
1,13824,2,recognition,True,Letter designer,True,sansforgetica,0.9375,3256.625,4113.125,2400.125,0.9375,1.0,0.875,25.0,75,04-04-2019 08:32
2,0,1,lexical,True,Other designer,True,sansforgetica,0.65,3822.55,2017.3,5627.8,0.9500000000000001,,,100.0,85,01-05-2019 16:40
2,0,1,recognition,True,Other designer,True,sansforgetica,0.75,2351.125,2286.375,2415.875,0.7890625,0.75,0.90625,100.0,75,01-05-2019 16:40
2,0,2,lexical,True,Other designer,True,arial,0.85,2620.1,2628.7,2611.5,1.0,,,100.0,75,01-05-2019 16:40
2,0,2,recognition,True,Other designer,True,arial,0.9375,2993.0,2601.25,3384.75,0.9921875,1.0,0.96875,100.0,85,01-05-2019 16:40
2,72,1,lexical,True,Non-designer,False,arial,1.0,2230.65,1647.9,2813.4,1.0,,,100.0,70,01-05-2019 10:49
2,72,1,recognition,True,Non-designer,False,arial,0.9375,2173.0,1876.375,2469.625,0.9375,1.0,0.875,25.0,50,01-05-2019 10:49
2,72,2,lexical,True,Non-designer,False,sansforgetica,0.95,2744.2,1674.9,3813.5,0.9500000000000001,,,25.0,50,01-05-2019 10:49
2,72,2,recognition,True,Non-designer,False,sansforgetica,0.75,2770.0,2826.125,2713.875,0.78125,0.875,0.6875,100.0,70,01-05-2019 10:49
2,144,1,lexical,True,Graphic designer,True,arial,0.9,2124.65,1159.0,3090.3,1.0,,,100.0,75,01-05-2019 10:45
2,144,1,recognition,True,Graphic designer,True,arial,0.875,1838.625,1759.125,1918.125,0.90625,0.8125,1.0,25.0,65,01-05-2019 10:45
2,144,2,lexical,True,Graphic designer,True,sansforgetica,0.8,2304.6,1133.6,3475.6,0.7999999999999999,,,25.0,65,01-05-2019 10:45
2,144,2,recognition,True,Graphic designer,True,sansforgetica,0.9375,2689.5,2386.75,2992.25,0.921875,1.0,0.84375,100.0,75,01-05-2019 10:45
2,216,1,lexical,False,Other designer,True,sansforgetica,0.85,4678.2,3233.4,6123.0,0.9500000000000001,,,25.0,19,01-05-2019 10:25
2,216,1,recognition,False,Other designer,True,sansforgetica,0.875,3105.5625,2922.5,3288.625,0.8984375,0.875,0.96875,100.0,63,01-05-2019 10:25
2,216,2,lexical,False,Other designer,True,arial,0.75,2780.9,1681.9,3879.9,0.9,,,100.0,63,01-05-2019 10:25
2,216,2,recognition,False,Other designer,True,arial,0.9375,2902.75,3046.25,2759.25,0.9375,1.0,0.875,25.0,19,01-05-2019 10:25
2,288,1,lexical,False,Other designer,True,arial,0.95,2057.7,1410.9,2704.5,1.0,,,75.0,50,01-05-2019 10:11
2,288,1,recognition,False,Other designer,True,arial,0.5,1703.5625,802.5,2604.625,0.6171875,0.75,0.53125,50.0,50,01-05-2019 10:11
2,288,2,lexical,False,Other designer,True,sansforgetica,0.75,1728.05,1479.8,1976.3,0.85,,,50.0,50,01-05-2019 10:11
2,288,2,recognition,False,Other designer,True,sansforgetica,0.5625,2233.9375,1920.0,2547.875,0.6953125,0.78125,0.59375,75.0,50,01-05-2019 10:11
2,360,1,lexical,True,Graphic designer,True,sansforgetica,0.7,4275.45,2851.0,5699.9,0.9,,,50.0,50,01-05-2019 09:51
2,360,1,recognition,True,Graphic designer,True,sansforgetica,0.75,2442.9375,1838.75,3047.125,0.796875,0.75,0.8125,100.0,82,01-05-2019 09:51
2,360,2,lexical,True,Graphic designer,True,arial,0.75,2952.45,1650.8,4254.1,0.9500000000000001,,,100.0,82,01-05-2019 09:51
2,360,2,recognition,True,Graphic designer,True,arial,0.9375,2652.4375,2639.0,2665.875,0.921875,1.0,0.84375,50.0,50,01-05-2019 09:51
2,432,1,lexical,False,Graphic designer,True,arial,0.95,7846.75,2392.7,13300.8,1.0,,,75.0,65,01-05-2019 00:19
2,432,1,recognition,False,Graphic designer,True,arial,0.9375,5133.6875,2932.125,7335.25,1.0,1.0,1.0,50.0,67,01-05-2019 00:19
2,432,2,lexical,False,Graphic designer,True,sansforgetica,0.8333333333333334,9403.555555555555,3635.4,16613.75,0.9375,,,50.0,67,01-05-2019 00:19
2,432,2,recognition,False,Graphic designer,True,sansforgetica,0.9375,5887.625,3533.375,8241.875,0.9296875,1.0,0.875,75.0,65,01-05-2019 00:19
2,504,1,lexical,False,Other designer,True,sansforgetica,0.65,2764.85,1272.5,4257.2,0.85,,,50.0,55,30-04-2019 23:50
2,504,1,recognition,False,Other designer,True,sansforgetica,0.8125,1777.8125,1507.25,2048.375,0.7890625,0.75,0.84375,100.0,60,30-04-2019 23:50
2,504,2,lexical,False,Other designer,True,arial,0.8,1674.0,1262.5,2085.5,0.8900000000000001,,,100.0,60,30-04-2019 23:50
2,504,2,recognition,False,Other designer,True,arial,0.4375,2021.625,2078.375,1964.875,0.484375,0.5,0.4375,50.0,55,30-04-2019 23:50
2,576,1,lexical,False,Graphic designer,True,sansforgetica,0.95,2334.55,1515.7,3153.4,0.9500000000000001,,,75.0,64,30-04-2019 23:50
2,576,1,recognition,False,Graphic designer,True,sansforgetica,0.625,1752.0,1364.0,2140.0,0.640625,0.625,0.65625,100.0,76,30-04-2019 23:50
2,576,2,lexical,False,Graphic designer,True,arial,0.8,1853.35,1464.1,2242.6,1.0,,,100.0,76,30-04-2019 23:50
2,576,2,recognition,False,Graphic designer,True,arial,0.8125,2124.875,2040.625,2209.125,0.8515625,1.0,0.71875,75.0,64,30-04-2019 23:50
2,648,1,lexical,False,Graphic designer,True,sansforgetica,0.6,3309.6,2263.8,4355.4,0.7,,,100.0,58,30-04-2019 22:14
2,648,1,recognition,False,Graphic designer,True,sansforgetica,0.8125,1823.25,1887.125,1759.375,0.8125,0.75,0.875,100.0,61,30-04-2019 22:14
2,648,2,lexical,False,Graphic designer,True,arial,0.75,3521.5,2472.8,4570.2,1.0,,,100.0,61,30-04-2019 22:14
2,648,2,recognition,False,Graphic designer,True,arial,0.625,1858.75,1711.625,2005.875,0.6953125,0.6875,0.75,100.0,58,30-04-2019 22:14
2,720,1,lexical,False,Other designer,True,arial,0.75,1976.15,1700.1,2252.2,0.875,,,100.0,75,30-04-2019 21:18
2,720,1,recognition,False,Other designer,True,arial,0.8125,1682.0625,1984.25,1379.875,0.8125,1.0,0.625,50.0,60,30-04-2019 21:18
2,720,2,lexical,False,Other designer,True,sansforgetica,0.75,2000.05,1727.3,2272.8,0.95,,,50.0,60,30-04-2019 21:18
2,720,2,recognition,False,Other designer,True,sansforgetica,0.75,2229.8125,2083.125,2376.5,0.734375,1.0,0.40625,100.0,75,30-04-2019 21:18
2,792,1,lexical,True,Graphic designer,True,arial,0.45,3038.1,4127.6,1948.6,0.515,,,50.0,50,30-04-2019 20:35
2,792,1,recognition,True,Graphic designer,True,arial,0.5,1439.5625,1759.125,1120.0,0.5,0.5,0.5,25.0,50,30-04-2019 20:35
2,792,2,lexical,True,Graphic designer,True,sansforgetica,0.7,1278.4,1646.4,910.4,0.73,,,25.0,50,30-04-2019 20:35
2,792,2,recognition,True,Graphic designer,True,sansforgetica,0.4375,2630.4375,3211.25,2049.625,0.546875,0.375,0.75,50.0,50,30-04-2019 20:35
2,864,1,lexical,True,Other designer,True,arial,0.5263157894736842,1995.5263157894738,2036.2222222222222,1958.9,0.6555555555555556,,,25.0,50,30-04-2019 19:49
2,864,1,recognition,True,Other designer,True,arial,0.5625,3340.6875,3718.0,2963.375,0.625,0.3125,0.875,75.0,50,30-04-2019 19:49
2,864,2,lexical,True,Other designer,True,sansforgetica,0.35,2651.65,2884.3,2419.0,0.31,,,75.0,50,30-04-2019 19:49
2,864,2,recognition,True,Other designer,True,sansforgetica,0.5,1931.3125,2185.125,1677.5,0.5,0.5,0.5,25.0,50,30-04-2019 19:49
2,936,1,lexical,True,Graphic designer,True,sansforgetica,1.0,3634.45,1956.7,5312.2,1.0,,,25.0,72,26-04-2019 14:57
2,936,1,recognition,True,Graphic designer,True,sansforgetica,1.0,2853.75,2823.0,2884.5,1.0,1.0,1.0,100.0,72,26-04-2019 14:57
2,936,2,lexical,True,Graphic designer,True,arial,1.0,1867.35,1513.5,2221.2,1.0,,,100.0,72,26-04-2019 14:57
2,936,2,recognition,True,Graphic designer,True,arial,0.75,2680.25,2925.125,2435.375,0.8125,0.53125,1.0,25.0,72,26-04-2019 14:57
2,1008,1,lexical,True,Letter designer,True,sansforgetica,0.65,3433.2,2257.0,4609.4,0.9500000000000001,,,75.0,62,26-04-2019 11:59
2,1008,1,recognition,True,Letter designer,True,sansforgetica,0.875,3738.0625,1947.875,5528.25,0.90625,0.84375,0.96875,100.0,38,26-04-2019 11:59
2,1008,2,lexical,True,Letter designer,True,arial,0.85,4194.05,2845.8,5542.3,0.95,,,100.0,38,26-04-2019 11:59
2,1008,2,recognition,True,Letter designer,True,arial,0.9375,3877.9375,3413.25,4342.625,0.9921875,1.0,1.0,75.0,62,26-04-2019 11:59
2,1080,1,lexical,True,Typographer,True,sansforgetica,0.95,2144.3,1565.1,2723.5,1.0,,,50.0,36,26-04-2019 09:29
2,1080,1,recognition,True,Typographer,True,sansforgetica,0.9375,2181.3125,2181.375,2181.25,0.9296875,1.0,0.84375,100.0,61,26-04-2019 09:29
2,1080,2,lexical,True,Typographer,True,arial,0.8,2115.9,1363.1,2868.7,0.9,,,100.0,61,26-04-2019 09:29
2,1080,2,recognition,True,Typographer,True,arial,0.9375,2469.8125,2135.875,2803.75,0.9921875,1.0,0.96875,50.0,36,26-04-2019 09:29
2,1152,1,lexical,True,Letter designer,True,arial,0.9,2061.65,1551.9,2571.4,1.0,,,50.0,72,25-04-2019 21:35
2,1152,1,recognition,True,Letter designer,True,arial,0.6875,2343.5625,1766.25,2920.875,0.703125,0.75,0.75,25.0,75,25-04-2019 21:35
2,1152,2,lexical,True,Letter designer,True,sansforgetica,0.9,2793.45,2098.9,3488.0,1.0,,,25.0,75,25-04-2019 21:35
2,1152,2,recognition,True,Letter designer,True,sansforgetica,0.8125,2222.375,1768.75,2676.0,0.8359375,0.875,0.78125,50.0,72,25-04-2019 21:35
2,1224,1,lexical,True,Letter designer,True,arial,0.95,2632.45,2269.3,2995.6,0.95,,,50.0,50,25-04-2019 18:41
2,1224,1,recognition,True,Letter designer,True,arial,0.875,2274.9375,2623.125,1926.75,0.9296875,0.84375,1.0,25.0,50,25-04-2019 18:41
2,1224,2,lexical,True,Letter designer,True,sansforgetica,0.9,2332.4,1649.6,3015.2,1.0,,,25.0,50,25-04-2019 18:41
2,1224,2,recognition,True,Letter designer,True,sansforgetica,0.9375,3322.75,3864.75,2780.75,0.890625,1.0,0.75,50.0,50,25-04-2019 18:41
2,1296,1,lexical,True,Letter designer,True,arial,0.95,2324.8,1325.8,3323.8,1.0,,,100.0,61,25-04-2019 18:26
2,1296,1,recognition,True,Letter designer,True,arial,0.875,1623.375,1375.0,1871.75,0.875,0.875,0.875,25.0,50,25-04-2019 18:26
2,1296,2,lexical,True,Letter designer,True,sansforgetica,1.0,2011.45,1376.9,2646.0,1.0,,,25.0,50,25-04-2019 18:26
2,1296,2,recognition,True,Letter designer,True,sansforgetica,1.0,1621.9375,1461.625,1782.25,1.0,1.0,1.0,100.0,61,25-04-2019 18:26
2,1368,1,lexical,True,Graphic designer,True,arial,0.85,2083.25,1417.4,2749.1,1.0,,,100.0,36,25-04-2019 17:08
2,1368,1,recognition,True,Graphic designer,True,arial,0.9375,1997.875,2341.125,1654.625,0.9296875,1.0,0.84375,50.0,38,25-04-2019 17:08
2,1368,2,lexical,True,Graphic designer,True,sansforgetica,0.8,2480.9,1690.8,3271.0,1.0,,,50.0,38,25-04-2019 17:08
2,1368,2,recognition,True,Graphic designer,True,sansforgetica,1.0,1985.3125,1613.125,2357.5,1.0,1.0,1.0,100.0,36,25-04-2019 17:08
2,1440,1,lexical,True,Graphic designer,True,arial,1.0,2264.65,1784.4,2744.9,1.0,,,75.0,28,25-04-2019 17:02
2,1440,1,recognition,True,Graphic designer,True,arial,0.9375,2468.5,2751.0,2186.0,0.9296875,0.84375,1.0,25.0,63,25-04-2019 17:02
2,1440,2,lexical,True,Graphic designer,True,sansforgetica,1.0,3490.2,2430.4,4550.0,1.0,,,25.0,63,25-04-2019 17:02
2,1440,2,recognition,True,Graphic designer,True,sansforgetica,0.9375,2976.125,2849.875,3102.375,0.9921875,1.0,1.0,75.0,28,25-04-2019 17:02
2,1512,1,lexical,True,Graphic designer,True,arial,0.95,3698.6,2550.9,4846.3,1.0,,,100.0,28,25-04-2019 16:11
2,1512,1,recognition,True,Graphic designer,True,arial,0.875,3764.875,4424.75,3105.0,0.90625,0.875,1.0,50.0,28,25-04-2019 16:11
2,1512,2,lexical,True,Graphic designer,True,sansforgetica,0.95,3251.0,2169.2,4332.8,1.0,,,50.0,28,25-04-2019 16:11
2,1512,2,recognition,True,Graphic designer,True,sansforgetica,0.8125,4796.125,2349.75,7242.5,0.8828125,0.875,0.875,100.0,28,25-04-2019 16:11
2,1584,1,lexical,True,Non-designer,False,arial,0.95,1760.35,1246.5,2274.2,1.0,,,100.0,25,25-04-2019 16:06
2,1584,1,recognition,True,Non-designer,False,arial,0.8125,1456.5,1415.125,1497.875,0.8671875,0.8125,0.875,25.0,25,25-04-2019 16:06
2,1584,2,lexical,True,Non-designer,False,sansforgetica,1.0,1706.55,1374.2,2038.9,1.0,,,25.0,25,25-04-2019 16:06
2,1584,2,recognition,True,Non-designer,False,sansforgetica,0.9375,2767.8125,2476.5,3059.125,0.9765625,0.90625,1.0,100.0,25,25-04-2019 16:06
2,1656,1,lexical,True,Graphic designer,True,arial,0.85,2178.45,1535.7,2821.2,1.0,,,100.0,30,25-04-2019 15:43
2,1656,1,recognition,True,Graphic designer,True,arial,0.75,2684.75,2399.125,2970.375,0.734375,0.8125,0.6875,25.0,30,25-04-2019 15:43
2,1656,2,lexical,True,Graphic designer,True,sansforgetica,0.9,2589.5,2207.2,2971.8,1.0,,,25.0,30,25-04-2019 15:43
2,1656,2,recognition,True,Graphic designer,True,sansforgetica,0.8125,2397.3125,2474.625,2320.0,0.765625,0.84375,0.6875,100.0,30,25-04-2019 15:43
2,1728,1,lexical,True,Letter designer,True,arial,0.9,2440.3,1454.0,3426.6,0.9999999999999999,,,50.0,50,25-04-2019 15:41
2,1728,1,recognition,True,Letter designer,True,arial,0.75,2312.6875,2464.75,2160.625,0.8203125,0.75,0.875,25.0,50,25-04-2019 15:41
2,1728,2,lexical,True,Letter designer,True,sansforgetica,0.75,2791.1,1385.5,4196.7,1.0,,,25.0,50,25-04-2019 15:41
2,1728,2,recognition,True,Letter designer,True,sansforgetica,0.8125,2832.875,2919.5,2746.25,0.9375,0.875,1.0,50.0,50,25-04-2019 15:41
2,1800,1,lexical,False,Letter designer,True,sansforgetica,0.85,3072.9,1710.8,4435.0,1.0,,,25.0,41,25-04-2019 15:40
2,1800,1,recognition,False,Letter designer,True,sansforgetica,0.75,2757.625,2067.0,3448.25,0.71875,1.0,0.375,75.0,50,25-04-2019 15:40
2,1800,2,lexical,False,Letter designer,True,arial,1.0,2053.65,1768.6,2338.7,1.0,,,75.0,50,25-04-2019 15:40
2,1800,2,recognition,False,Letter designer,True,arial,1.0,2495.375,2016.5,2974.25,1.0,1.0,1.0,25.0,41,25-04-2019 15:40
2,1872,1,lexical,True,Graphic designer,True,sansforgetica,0.95,2351.65,2239.2,2464.1,1.0,,,25.0,15,25-04-2019 13:47
2,1872,1,recognition,True,Graphic designer,True,sansforgetica,0.8125,2539.875,2703.5,2376.25,0.8828125,0.875,0.9375,100.0,23,25-04-2019 13:47
2,1872,2,lexical,True,Graphic designer,True,arial,0.9,2015.8,1747.6,2284.0,1.0,,,100.0,23,25-04-2019 13:47
2,1872,2,recognition,True,Graphic designer,True,arial,0.75,2260.4375,1900.25,2620.625,0.859375,1.0,0.6875,25.0,15,25-04-2019 13:47
2,1944,1,lexical,True,Graphic designer,True,sansforgetica,0.85,3253.0,1862.1,4643.9,1.0,,,50.0,75,25-04-2019 13:42
2,1944,1,recognition,True,Graphic designer,True,sansforgetica,0.75,2606.4375,2185.25,3027.625,0.84375,0.875,0.96875,100.0,40,25-04-2019 13:42
2,1944,2,lexical,True,Graphic designer,True,arial,0.8,2666.85,1561.5,3772.2,1.0,,,100.0,40,25-04-2019 13:42
2,1944,2,recognition,True,Graphic designer,True,arial,0.875,2310.3125,2521.875,2098.75,1.0,1.0,1.0,50.0,75,25-04-2019 13:42
2,2016,1,lexical,True,Graphic designer,True,sansforgetica,0.95,2695.0,1661.5,3728.5,1.0,,,75.0,50,25-04-2019 12:45
2,2016,1,recognition,True,Graphic designer,True,sansforgetica,1.0,2053.5625,1870.5,2236.625,1.0,1.0,1.0,100.0,70,25-04-2019 12:45
2,2016,2,lexical,True,Graphic designer,True,arial,1.0,1910.75,1359.0,2462.5,1.0,,,100.0,70,25-04-2019 12:45
2,2016,2,recognition,True,Graphic designer,True,arial,0.9375,1959.3125,1843.0,2075.625,1.0,1.0,1.0,75.0,50,25-04-2019 12:45
2,2088,1,lexical,True,Graphic designer,True,sansforgetica,0.8,2244.5,1572.2,2916.8,0.9,,,75.0,50,25-04-2019 11:30
2,2088,1,recognition,True,Graphic designer,True,sansforgetica,0.875,2216.6875,1793.625,2639.75,0.90625,0.875,0.9375,100.0,50,25-04-2019 11:30
2,2088,2,lexical,True,Graphic designer,True,arial,0.8,1620.6,1427.3,1813.9,0.9500000000000001,,,100.0,50,25-04-2019 11:30
2,2088,2,recognition,True,Graphic designer,True,arial,0.8125,2196.8125,2087.625,2306.0,0.828125,1.0,0.625,75.0,50,25-04-2019 11:30
2,2160,1,lexical,True,Graphic designer,True,sansforgetica,0.8,2868.45,1600.6,4136.3,0.95,,,75.0,65,25-04-2019 11:23
2,2160,1,recognition,True,Graphic designer,True,sansforgetica,0.75,2427.5,1814.75,3040.25,0.8125,0.75,0.875,100.0,65,25-04-2019 11:23
2,2160,2,lexical,True,Graphic designer,True,arial,0.9,1813.2,1102.2,2524.2,1.0,,,100.0,65,25-04-2019 11:23
2,2160,2,recognition,True,Graphic designer,True,arial,0.75,2402.4375,2489.875,2315.0,0.875,0.75,1.0,75.0,65,25-04-2019 11:23
2,2232,1,lexical,True,Letter designer,True,arial,0.8,1887.1,1302.4,2471.8,0.9,,,100.0,65,25-04-2019 03:46
2,2232,1,recognition,True,Letter designer,True,arial,0.6875,2685.625,2396.875,2974.375,0.7890625,0.8125,0.8125,25.0,72,25-04-2019 03:46
2,2232,2,lexical,True,Letter designer,True,sansforgetica,0.85,2455.95,1623.0,3288.9,0.9500000000000001,,,25.0,72,25-04-2019 03:46
2,2232,2,recognition,True,Letter designer,True,sansforgetica,0.875,2781.375,2176.375,3386.375,0.890625,1.0,0.8125,100.0,65,25-04-2019 03:46
2,2304,1,lexical,False,Typographer,True,arial,1.0,2033.45,1743.8,2323.1,1.0,,,75.0,50,24-04-2019 14:10
2,2304,1,recognition,False,Typographer,True,arial,0.875,2088.25,1565.125,2611.375,0.84375,1.0,0.75,50.0,50,24-04-2019 14:10
2,2304,2,lexical,False,Typographer,True,sansforgetica,0.95,1954.2,1815.3,2093.1,0.9500000000000001,,,50.0,50,24-04-2019 14:10
2,2304,2,recognition,False,Typographer,True,sansforgetica,0.5,2380.0,1902.25,2857.75,0.5,0.5,0.5,75.0,50,24-04-2019 14:10
2,2376,1,lexical,False,Typographer,True,sansforgetica,0.85,2432.25,1450.9,3413.6,0.95,,,75.0,90,22-04-2019 10:08
2,2376,1,recognition,False,Typographer,True,sansforgetica,0.9375,2000.8125,1296.0,2705.625,0.9375,1.0,0.875,75.0,90,22-04-2019 10:08
2,2376,2,lexical,False,Typographer,True,arial,0.9,2437.2,1558.3,3316.1,0.95,,,75.0,90,22-04-2019 10:08
2,2376,2,recognition,False,Typographer,True,arial,0.8125,2633.625,2119.125,3148.125,0.859375,0.84375,0.875,75.0,90,22-04-2019 10:08
2,2448,1,lexical,True,Typographer,True,sansforgetica,0.9,2751.9,1639.7,3864.1,0.9500000000000001,,,50.0,5,20-04-2019 12:54
2,2448,1,recognition,True,Typographer,True,sansforgetica,0.8125,2415.0625,1806.125,3024.0,0.921875,0.90625,0.9375,100.0,10,20-04-2019 12:54
2,2448,2,lexical,True,Typographer,True,arial,0.95,2681.7,1558.0,3805.4,1.0,,,100.0,10,20-04-2019 12:54
2,2448,2,recognition,True,Typographer,True,arial,0.9375,2183.125,2315.25,2051.0,0.9921875,0.96875,1.0,50.0,5,20-04-2019 12:54
2,2520,1,lexical,True,Non-designer,False,arial,1.0,2467.55,1997.2,2937.9,1.0,,,100.0,50,19-04-2019 12:54
2,2520,1,recognition,True,Non-designer,False,arial,0.8125,2237.625,1979.125,2496.125,0.8671875,0.875,0.875,50.0,50,19-04-2019 12:54
2,2520,2,lexical,True,Non-designer,False,sansforgetica,1.0,2685.3,1696.5,3674.1,1.0,,,50.0,50,19-04-2019 12:54
2,2520,2,recognition,True,Non-designer,False,sansforgetica,0.9375,2111.5625,1992.0,2231.125,0.9375,0.875,1.0,100.0,50,19-04-2019 12:54
2,2592,1,lexical,False,Graphic designer,True,sansforgetica,1.0,1900.0,1679.6,2120.4,1.0,,,75.0,39,16-04-2019 09:35
2,2592,1,recognition,False,Graphic designer,True,sansforgetica,0.875,3164.0,2513.875,3814.125,0.875,0.875,0.875,100.0,40,16-04-2019 09:35
2,2592,2,lexical,False,Graphic designer,True,arial,1.0,1841.6,1436.6,2246.6,1.0,,,100.0,40,16-04-2019 09:35
2,2592,2,recognition,False,Graphic designer,True,arial,0.6875,2424.4375,2615.5,2233.375,0.7109375,0.65625,0.75,75.0,39,16-04-2019 09:35
2,2664,1,lexical,True,Non-designer,False,sansforgetica,1.0,4420.6,2548.2,6293.0,1.0,,,25.0,23,15-04-2019 09:08
2,2664,1,recognition,True,Non-designer,False,sansforgetica,0.75,3156.0,3433.5,2878.5,0.7734375,0.6875,0.8125,100.0,6,15-04-2019 09:08
2,2664,2,lexical,True,Non-designer,False,arial,1.0,3924.8,2773.3,5076.3,1.0,,,100.0,6,15-04-2019 09:08
2,2664,2,recognition,True,Non-designer,False,arial,0.75,4746.125,4684.875,4807.375,0.8046875,0.75,0.84375,25.0,23,15-04-2019 09:08
2,2736,1,lexical,True,Typographer,True,arial,0.85,2125.15,1620.3,2630.0,0.8999999999999999,,,50.0,50,14-04-2019 19:55
2,2736,1,recognition,True,Typographer,True,arial,0.75,2208.25,1723.5,2693.0,0.734375,0.875,0.59375,50.0,50,14-04-2019 19:55
2,2736,2,lexical,True,Typographer,True,sansforgetica,0.8,2319.25,1743.9,2894.6,0.78,,,50.0,50,14-04-2019 19:55
2,2736,2,recognition,True,Typographer,True,sansforgetica,0.9375,2410.0625,2828.5,1991.625,0.9375,1.0,0.875,50.0,50,14-04-2019 19:55
2,2808,1,lexical,True,Non-designer,False,arial,0.8,2872.3,1980.9,3763.7,1.0,,,100.0,25,14-04-2019 16:58
2,2808,1,recognition,True,Non-designer,False,arial,1.0,2295.0625,2154.125,2436.0,1.0,1.0,1.0,25.0,24,14-04-2019 16:58
2,2808,2,lexical,True,Non-designer,False,sansforgetica,0.95,3267.4,2665.5,3869.3,1.0,,,25.0,24,14-04-2019 16:58
2,2808,2,recognition,True,Non-designer,False,sansforgetica,0.8125,3341.75,3179.0,3504.5,0.875,0.75,1.0,100.0,25,14-04-2019 16:58
2,2880,1,lexical,True,Non-designer,False,arial,1.0,3119.4,2832.8,3406.0,1.0,,,100.0,7,14-04-2019 14:45
2,2880,1,recognition,True,Non-designer,False,arial,0.8125,2562.5,2556.0,2569.0,0.8515625,0.84375,0.875,50.0,12,14-04-2019 14:45
2,2880,2,lexical,True,Non-designer,False,sansforgetica,1.0,3721.4,2407.2,5035.6,1.0,,,50.0,12,14-04-2019 14:45
2,2880,2,recognition,True,Non-designer,False,sansforgetica,1.0,3592.0625,3710.0,3474.125,1.0,1.0,1.0,100.0,7,14-04-2019 14:45
2,2952,1,lexical,True,Graphic designer,True,sansforgetica,1.0,2682.6,1659.7,3705.5,1.0,,,25.0,45,14-04-2019 11:55
2,2952,1,recognition,True,Graphic designer,True,sansforgetica,0.6875,2529.375,2666.25,2392.5,0.78125,0.78125,0.78125,100.0,50,14-04-2019 11:55
2,2952,2,lexical,True,Graphic designer,True,arial,0.85,1885.25,1482.9,2287.6,0.8999999999999999,,,100.0,50,14-04-2019 11:55
2,2952,2,recognition,True,Graphic designer,True,arial,0.8125,2395.75,1487.125,3304.375,0.828125,0.875,0.75,25.0,45,14-04-2019 11:55
2,3024,1,lexical,True,Non-designer,False,arial,0.95,1866.5,1639.1,2093.9,0.95,,,100.0,16,14-04-2019 09:10
2,3024,1,recognition,True,Non-designer,False,arial,0.875,2171.5625,1879.375,2463.75,0.9609375,1.0,0.875,25.0,39,14-04-2019 09:10
2,3024,2,lexical,True,Non-designer,False,sansforgetica,1.0,2321.15,1552.7,3089.6,1.0,,,25.0,39,14-04-2019 09:10
2,3024,2,recognition,True,Non-designer,False,sansforgetica,0.9375,2795.9375,3004.625,2587.25,1.0,1.0,1.0,100.0,16,14-04-2019 09:10
2,3096,1,lexical,True,Other designer,True,arial,1.0,2982.65,1885.0,4080.3,1.0,,,75.0,40,14-04-2019 08:40
2,3096,1,recognition,True,Other designer,True,arial,0.6875,2538.5,2011.25,3065.75,0.7109375,0.8125,0.59375,25.0,35,14-04-2019 08:40
2,3096,2,lexical,True,Other designer,True,sansforgetica,0.95,4682.6,4567.7,4797.5,0.995,,,25.0,35,14-04-2019 08:40
2,3096,2,recognition,True,Other designer,True,sansforgetica,0.8125,2523.4375,2446.375,2600.5,0.890625,0.84375,0.9375,75.0,40,14-04-2019 08:40
2,3168,1,lexical,True,Letter designer,True,arial,1.0,2669.25,2089.4,3249.1,1.0,,,75.0,65,14-04-2019 04:43
2,3168,1,recognition,True,Letter designer,True,arial,0.8125,2996.8125,2877.75,3115.875,0.8671875,1.0,0.6875,25.0,45,14-04-2019 04:43
2,3168,2,lexical,True,Letter designer,True,sansforgetica,1.0,2728.85,2193.5,3264.2,1.0,,,25.0,45,14-04-2019 04:43
2,3168,2,recognition,True,Letter designer,True,sansforgetica,1.0,3657.5,3032.75,4282.25,1.0,1.0,1.0,75.0,65,14-04-2019 04:43
2,3240,1,lexical,True,Non-designer,False,sansforgetica,0.75,2817.0,2005.4,3628.6,0.9,,,25.0,50,14-04-2019 00:55
2,3240,1,recognition,True,Non-designer,False,sansforgetica,0.9375,2721.0625,2249.625,3192.5,0.9140625,1.0,0.8125,100.0,50,14-04-2019 00:55
2,3240,2,lexical,True,Non-designer,False,arial,0.95,2192.8,1343.2,3042.4,1.0,,,100.0,50,14-04-2019 00:55
2,3240,2,recognition,True,Non-designer,False,arial,0.625,2376.25,2449.25,2303.25,0.640625,0.5,0.75,25.0,50,14-04-2019 00:55
2,3312,1,lexical,True,Non-designer,False,sansforgetica,1.0,2315.05,1704.7,2925.4,1.0,,,50.0,70,14-04-2019 00:34
2,3312,1,recognition,True,Non-designer,False,sansforgetica,1.0,2023.625,2474.0,1573.25,1.0,1.0,1.0,100.0,74,14-04-2019 00:34
2,3312,2,lexical,True,Non-designer,False,arial,0.85,2277.45,1522.6,3032.3,1.0,,,100.0,74,14-04-2019 00:34
2,3312,2,recognition,True,Non-designer,False,arial,0.9375,1871.875,1764.25,1979.5,0.921875,0.8125,1.0,50.0,70,14-04-2019 00:34
2,3384,1,lexical,True,Letter designer,True,arial,1.0,2071.1,1563.7,2578.5,1.0,,,75.0,26,14-04-2019 00:26
2,3384,1,recognition,True,Letter designer,True,arial,0.75,2516.5,2822.75,2210.25,0.75,0.625,0.875,25.0,50,14-04-2019 00:26
2,3384,2,lexical,True,Letter designer,True,sansforgetica,0.9,3367.2,2542.9,4191.5,0.8700000000000001,,,25.0,50,14-04-2019 00:26
2,3384,2,recognition,True,Letter designer,True,sansforgetica,0.875,2812.5,2636.75,2988.25,0.90625,1.0,0.875,75.0,26,14-04-2019 00:26
2,3456,1,lexical,True,Letter designer,True,arial,0.75,1381.35,1038.7,1724.0,0.75,,,100.0,80,13-04-2019 23:55
2,3456,1,recognition,True,Letter designer,True,arial,0.7333333333333333,3197.266666666667,3952.375,2334.285714285714,0.7142857142857143,0.5625,0.8333333333333334,50.0,70,13-04-2019 23:55
2,3456,2,lexical,True,Letter designer,True,sansforgetica,0.8,2739.85,2151.0,3328.7,0.8,,,50.0,70,13-04-2019 23:55
2,3456,2,recognition,True,Letter designer,True,sansforgetica,0.9375,3041.4375,3445.375,2637.5,1.0,1.0,1.0,100.0,80,13-04-2019 23:55
2,3528,1,lexical,True,Non-designer,False,sansforgetica,1.0,2978.9,2060.6,3897.2,1.0,,,50.0,80,13-04-2019 20:12
2,3528,1,recognition,True,Non-designer,False,sansforgetica,0.8125,2645.125,2684.25,2606.0,0.7890625,0.75,0.84375,100.0,70,13-04-2019 20:12
2,3528,2,lexical,True,Non-designer,False,arial,1.0,1827.9473684210527,1421.8,2279.222222222222,1.0,,,100.0,70,13-04-2019 20:12
2,3528,2,recognition,True,Non-designer,False,arial,0.9375,2547.75,3014.375,2081.125,0.9375,0.875,1.0,50.0,80,13-04-2019 20:12
2,3600,1,lexical,True,Letter designer,True,sansforgetica,1.0,2585.7,1511.5,3659.9,1.0,,,0.0,15,13-04-2019 18:52
2,3600,1,recognition,True,Letter designer,True,sansforgetica,0.8125,1847.6875,1395.25,2300.125,0.90625,0.84375,0.96875,100.0,64,13-04-2019 18:52
2,3600,2,lexical,True,Letter designer,True,arial,1.0,1777.3,1521.4,2033.2,1.0,,,100.0,64,13-04-2019 18:52
2,3600,2,recognition,True,Letter designer,True,arial,0.875,1888.25,1725.0,2051.5,0.8984375,0.8125,1.0,0.0,15,13-04-2019 18:52
2,3672,1,lexical,True,Non-designer,False,sansforgetica,0.9,3249.7,2009.1,4490.3,0.95,,,50.0,60,13-04-2019 18:09
2,3672,1,recognition,True,Non-designer,False,sansforgetica,0.875,2349.5625,1822.0,2877.125,0.875,0.875,0.875,100.0,60,13-04-2019 18:09
2,3672,2,lexical,True,Non-designer,False,arial,0.9,2310.1,1583.9,3036.3,0.9999999999999999,,,100.0,60,13-04-2019 18:09
2,3672,2,recognition,True,Non-designer,False,arial,0.9375,2483.125,2127.5,2838.75,0.9375,0.875,1.0,50.0,60,13-04-2019 18:09
2,3744,1,lexical,True,Non-designer,False,arial,0.95,2204.45,1651.1,2757.8,0.9500000000000001,,,100.0,57,13-04-2019 18:01
2,3744,1,recognition,True,Non-designer,False,arial,0.6875,2398.25,2525.0,2271.5,0.7734375,0.6875,0.84375,0.0,37,13-04-2019 18:01
2,3744,2,lexical,True,Non-designer,False,sansforgetica,0.9,2465.8,1605.2,3326.4,0.9,,,0.0,37,13-04-2019 18:01
2,3744,2,recognition,True,Non-designer,False,sansforgetica,0.875,2311.3125,2438.375,2184.25,0.859375,0.875,0.875,100.0,57,13-04-2019 18:01
2,3816,1,lexical,True,Non-designer,False,arial,1.0,2085.75,1726.5,2445.0,1.0,,,100.0,65,13-04-2019 17:29
2,3816,1,recognition,True,Non-designer,False,arial,0.75,2088.8125,2126.75,2050.875,0.8125,0.96875,0.6875,0.0,52,13-04-2019 17:29
2,3816,2,lexical,True,Non-designer,False,sansforgetica,1.0,2267.7,2076.1,2459.3,1.0,,,0.0,52,13-04-2019 17:29
2,3816,2,recognition,True,Non-designer,False,sansforgetica,0.8125,2351.5,2175.875,2527.125,0.828125,0.8125,0.84375,100.0,65,13-04-2019 17:29
2,3888,1,lexical,True,Non-designer,False,arial,1.0,3214.55,2286.3,4142.8,1.0,,,100.0,75,13-04-2019 17:25
2,3888,1,recognition,True,Non-designer,False,arial,0.9375,3388.0625,2436.5,4339.625,0.9921875,1.0,0.96875,50.0,75,13-04-2019 17:25
2,3888,2,lexical,True,Non-designer,False,sansforgetica,0.95,3627.25,2350.2,4904.3,1.0,,,50.0,75,13-04-2019 17:25
2,3888,2,recognition,True,Non-designer,False,sansforgetica,0.875,3605.875,3417.125,3794.625,1.0,1.0,1.0,100.0,75,13-04-2019 17:25
2,3960,1,lexical,True,Non-designer,False,arial,0.75,4468.3,4327.3,4609.3,0.77,,,100.0,29,13-04-2019 17:25
2,3960,1,recognition,True,Non-designer,False,arial,0.75,3252.3125,3190.75,3313.875,0.8984375,1.0,0.875,100.0,33,13-04-2019 17:25
2,3960,2,lexical,True,Non-designer,False,sansforgetica,0.8,4585.1,4346.6,4823.6,1.0,,,100.0,33,13-04-2019 17:25
2,3960,2,recognition,True,Non-designer,False,sansforgetica,0.875,3581.9375,2737.125,4426.75,0.875,0.875,0.875,100.0,29,13-04-2019 17:25
2,4032,1,lexical,True,Non-designer,False,sansforgetica,1.0,2795.15,2007.2,3583.1,1.0,,,50.0,37,13-04-2019 17:13
2,4032,1,recognition,True,Non-designer,False,sansforgetica,1.0,2474.75,2452.0,2497.5,1.0,1.0,1.0,100.0,50,13-04-2019 17:13
2,4032,2,lexical,True,Non-designer,False,arial,0.95,2221.8,1941.7,2501.9,1.0,,,100.0,50,13-04-2019 17:13
2,4032,2,recognition,True,Non-designer,False,arial,1.0,3891.5625,1965.75,5817.375,1.0,1.0,1.0,50.0,37,13-04-2019 17:13
2,4104,1,lexical,True,Non-designer,False,arial,1.0,2058.25,1630.0,2486.5,1.0,,,100.0,35,13-04-2019 16:53
2,4104,1,recognition,True,Non-designer,False,arial,0.9375,2600.5,2534.125,2666.875,1.0,1.0,1.0,75.0,15,13-04-2019 16:53
2,4104,2,lexical,True,Non-designer,False,sansforgetica,1.0,2954.55,1684.6,4224.5,1.0,,,75.0,15,13-04-2019 16:53
2,4104,2,recognition,True,Non-designer,False,sansforgetica,0.9375,2677.4375,2315.625,3039.25,0.9921875,1.0,0.96875,100.0,35,13-04-2019 16:53
2,4176,1,lexical,True,Non-designer,False,arial,0.95,3337.7,2459.3,4216.1,1.0,,,100.0,37,13-04-2019 16:43
2,4176,1,recognition,True,Non-designer,False,arial,0.9375,3700.625,3096.875,4304.375,0.9296875,0.875,1.0,50.0,29,13-04-2019 16:43
2,4176,2,lexical,True,Non-designer,False,sansforgetica,0.95,4100.85,2755.5,5446.2,1.0,,,50.0,29,13-04-2019 16:43
2,4176,2,recognition,True,Non-designer,False,sansforgetica,0.8125,3924.0625,3395.5,4452.625,0.890625,0.875,0.9375,100.0,37,13-04-2019 16:43
2,4248,1,lexical,True,Non-designer,False,sansforgetica,0.95,2663.25,1613.3,3713.2,0.9500000000000001,,,50.0,79,13-04-2019 16:35
2,4248,1,recognition,True,Non-designer,False,sansforgetica,0.75,2374.5,2410.5,2338.5,0.625,0.65625,0.5625,100.0,81,13-04-2019 16:35
2,4248,2,lexical,True,Non-designer,False,arial,0.9,1702.15,1442.9,1961.4,1.0,,,100.0,81,13-04-2019 16:35
2,4248,2,recognition,True,Non-designer,False,arial,0.9375,2149.1875,2204.375,2094.0,0.9921875,0.96875,1.0,50.0,79,13-04-2019 16:35
2,4320,1,lexical,True,Non-designer,False,arial,1.0,2255.8,1837.4,2674.2,1.0,,,100.0,73,13-04-2019 16:07
2,4320,1,recognition,True,Non-designer,False,arial,0.875,2497.5625,2484.625,2510.5,0.953125,0.9375,1.0,75.0,74,13-04-2019 16:07
2,4320,2,lexical,True,Non-designer,False,sansforgetica,1.0,2252.95,1790.4,2715.5,1.0,,,75.0,74,13-04-2019 16:07
2,4320,2,recognition,True,Non-designer,False,sansforgetica,1.0,2350.1875,2167.125,2533.25,1.0,1.0,1.0,100.0,73,13-04-2019 16:07
2,4392,1,lexical,True,Non-designer,False,sansforgetica,0.85,2426.8,1982.4,2871.2,1.0,,,50.0,67,13-04-2019 16:04
2,4392,1,recognition,True,Non-designer,False,sansforgetica,0.8125,2260.3125,2073.25,2447.375,0.8125,0.625,1.0,100.0,67,13-04-2019 16:04
2,4392,2,lexical,True,Non-designer,False,arial,0.9,2077.7,1767.0,2388.4,0.9500000000000001,,,100.0,67,13-04-2019 16:04
2,4392,2,recognition,True,Non-designer,False,arial,0.9375,2094.125,2177.625,2010.625,0.9375,1.0,0.875,50.0,67,13-04-2019 16:04
2,4464,1,lexical,True,Non-designer,False,sansforgetica,0.85,2318.95,1458.9,3179.0,0.95,,,50.0,42,13-04-2019 07:36
2,4464,1,recognition,True,Non-designer,False,sansforgetica,0.75,2278.0625,2594.25,1961.875,0.75,0.625,0.875,100.0,50,13-04-2019 07:36
2,4464,2,lexical,True,Non-designer,False,arial,0.85,1927.3,1183.0,2671.6,0.9,,,100.0,50,13-04-2019 07:36
2,4464,2,recognition,True,Non-designer,False,arial,0.9375,2246.125,2147.0,2345.25,0.9296875,0.84375,1.0,50.0,42,13-04-2019 07:36
2,4536,1,lexical,True,Non-designer,False,arial,1.0,2879.9,2372.2,3387.6,1.0,,,75.0,25,13-04-2019 06:00
2,4536,1,recognition,True,Non-designer,False,arial,0.75,2951.6875,2942.5,2960.875,0.796875,0.75,0.875,0.0,42,13-04-2019 06:00
2,4536,2,lexical,True,Non-designer,False,sansforgetica,1.0,2657.25,2653.8,2660.7,1.0,,,0.0,42,13-04-2019 06:00
2,4536,2,recognition,True,Non-designer,False,sansforgetica,0.75,4088.0,4621.125,3554.875,0.78125,0.65625,0.875,75.0,25,13-04-2019 06:00
2,4608,1,lexical,True,Non-designer,False,sansforgetica,1.0,2138.35,1882.6,2394.1,1.0,,,50.0,61,13-04-2019 04:59
2,4608,1,recognition,True,Non-designer,False,sansforgetica,0.75,3465.5,3373.75,3557.25,0.8125,0.78125,0.84375,100.0,62,13-04-2019 04:59
2,4608,2,lexical,True,Non-designer,False,arial,1.0,2040.5,1927.6,2153.4,1.0,,,100.0,62,13-04-2019 04:59
2,4608,2,recognition,True,Non-designer,False,arial,1.0,2821.625,3249.875,2393.375,1.0,1.0,1.0,50.0,61,13-04-2019 04:59
2,4680,1,lexical,True,Non-designer,False,sansforgetica,0.9,3992.75,3062.8,4922.7,0.95,,,50.0,50,13-04-2019 04:33
2,4680,1,recognition,True,Non-designer,False,sansforgetica,0.75,3310.0625,3046.75,3573.375,0.7890625,0.6875,0.875,75.0,32,13-04-2019 04:33
2,4680,2,lexical,True,Non-designer,False,arial,0.85,3606.05,4127.9,3084.2,0.905,,,75.0,32,13-04-2019 04:33
2,4680,2,recognition,True,Non-designer,False,arial,0.6875,2908.5,2783.5,3033.5,0.8203125,0.84375,0.8125,50.0,50,13-04-2019 04:33
2,4752,1,lexical,True,Non-designer,False,sansforgetica,0.9,3987.2,1934.6,6039.8,1.0,,,25.0,50,13-04-2019 04:30
2,4752,1,recognition,True,Non-designer,False,sansforgetica,0.9375,3026.9375,2066.125,3987.75,0.9765625,0.96875,1.0,100.0,50,13-04-2019 04:30
2,4752,2,lexical,True,Non-designer,False,arial,0.95,2788.5,1811.1,3765.9,0.9500000000000001,,,100.0,50,13-04-2019 04:30
2,4752,2,recognition,True,Non-designer,False,arial,0.6875,3188.125,3048.75,3327.5,0.7578125,0.78125,0.6875,25.0,50,13-04-2019 04:30
2,4824,1,lexical,True,Non-designer,False,arial,0.95,4034.0,2879.6,5188.4,0.9500000000000001,,,100.0,50,13-04-2019 02:56
2,4824,1,recognition,True,Non-designer,False,arial,0.625,3482.0625,3197.125,3767.0,0.703125,0.75,0.65625,25.0,50,13-04-2019 02:56
2,4824,2,lexical,True,Non-designer,False,sansforgetica,1.0,5720.55,2957.3,8483.8,1.0,,,25.0,50,13-04-2019 02:56
2,4824,2,recognition,True,Non-designer,False,sansforgetica,0.75,5355.375,5306.875,5403.875,0.84375,0.9375,0.78125,100.0,50,13-04-2019 02:56
2,4896,1,lexical,True,Non-designer,False,arial,1.0,4956.05,1920.3,7991.8,1.0,,,100.0,86,13-04-2019 02:51
2,4896,1,recognition,True,Non-designer,False,arial,0.9375,2731.875,3236.625,2227.125,0.9375,0.875,1.0,25.0,81,13-04-2019 02:51
2,4896,2,lexical,True,Non-designer,False,sansforgetica,1.0,4152.95,2245.1,6060.8,1.0,,,25.0,81,13-04-2019 02:51
2,4896,2,recognition,True,Non-designer,False,sansforgetica,0.9375,4177.0625,3349.125,5005.0,0.9375,1.0,0.875,100.0,86,13-04-2019 02:51
2,4968,1,lexical,True,Non-designer,False,arial,0.95,2508.7,2030.4,2987.0,0.9500000000000001,,,100.0,72,13-04-2019 02:46
2,4968,1,recognition,True,Non-designer,False,arial,0.875,2509.375,2952.125,2066.625,0.921875,0.84375,1.0,50.0,72,13-04-2019 02:46
2,4968,2,lexical,True,Non-designer,False,sansforgetica,0.95,2718.15,1808.9,3627.4,0.9500000000000001,,,50.0,72,13-04-2019 02:46
2,4968,2,recognition,True,Non-designer,False,sansforgetica,0.9375,2538.9375,2971.125,2106.75,0.9375,1.0,0.875,100.0,72,13-04-2019 02:46
2,5040,1,lexical,True,Graphic designer,True,sansforgetica,0.85,3692.35,3050.2,4334.5,0.95,,,50.0,36,13-04-2019 01:40
2,5040,1,recognition,True,Graphic designer,True,sansforgetica,0.6875,3632.375,3984.375,3280.375,0.671875,0.8125,0.46875,100.0,43,13-04-2019 01:40
2,5040,2,lexical,True,Graphic designer,True,arial,1.0,2588.35,2029.3,3147.4,1.0,,,100.0,43,13-04-2019 01:40
2,5040,2,recognition,True,Graphic designer,True,arial,0.875,2984.4375,3440.375,2528.5,0.8515625,0.84375,0.875,50.0,36,13-04-2019 01:40
2,5112,1,lexical,True,Non-designer,False,sansforgetica,1.0,2310.7,2209.0,2412.4,1.0,,,25.0,19,13-04-2019 01:30
2,5112,1,recognition,True,Non-designer,False,sansforgetica,0.75,2195.5,1876.0,2515.0,0.875,0.875,0.875,25.0,40,13-04-2019 01:30
2,5112,2,lexical,True,Non-designer,False,arial,1.0,2438.75,2073.7,2803.8,1.0,,,25.0,40,13-04-2019 01:30
2,5112,2,recognition,True,Non-designer,False,arial,0.9375,1989.5,2116.375,1862.625,0.984375,1.0,0.9375,25.0,19,13-04-2019 01:30
2,5184,1,lexical,True,Non-designer,False,sansforgetica,0.9,3842.5,2920.3,4764.7,1.0,,,50.0,70,13-04-2019 01:05
2,5184,1,recognition,True,Non-designer,False,sansforgetica,0.8125,2862.9375,3266.875,2459.0,0.8828125,1.0,0.75,75.0,71,13-04-2019 01:05
2,5184,2,lexical,True,Non-designer,False,arial,1.0,2343.55,1578.4,3108.7,1.0,,,75.0,71,13-04-2019 01:05
2,5184,2,recognition,True,Non-designer,False,arial,1.0,2809.8125,2380.0,3239.625,1.0,1.0,1.0,50.0,70,13-04-2019 01:05
2,5256,1,lexical,True,Other designer,True,arial,0.9,1592.6,1229.6,1955.6,1.0,,,75.0,78,13-04-2019 00:22
2,5256,1,recognition,True,Other designer,True,arial,0.6875,2332.4375,2024.25,2640.625,0.8125,0.75,0.875,25.0,60,13-04-2019 00:22
2,5256,2,lexical,True,Other designer,True,sansforgetica,0.95,2551.35,1367.2,3735.5,1.0,,,25.0,60,13-04-2019 00:22
2,5256,2,recognition,True,Other designer,True,sansforgetica,0.875,2202.5,2412.875,1992.125,0.859375,0.84375,0.875,75.0,78,13-04-2019 00:22
2,5328,1,lexical,True,Non-designer,False,arial,0.9,2756.15,2041.4,3470.9,1.0,,,100.0,76,13-04-2019 00:08
2,5328,1,recognition,True,Non-designer,False,arial,1.0,2419.875,2356.125,2483.625,1.0,1.0,1.0,0.0,81,13-04-2019 00:08
2,5328,2,lexical,True,Non-designer,False,sansforgetica,0.95,2946.2,2276.0,3616.4,0.95,,,0.0,81,13-04-2019 00:08
2,5328,2,recognition,True,Non-designer,False,sansforgetica,1.0,2890.0,2369.125,3410.875,1.0,1.0,1.0,100.0,76,13-04-2019 00:08
2,5400,1,lexical,True,Non-designer,False,sansforgetica,1.0,2912.4,1803.0,4021.8,1.0,,,75.0,60,12-04-2019 23:57
2,5400,1,recognition,True,Non-designer,False,sansforgetica,0.875,2604.125,2207.875,3000.375,0.84375,1.0,0.6875,75.0,55,12-04-2019 23:57
2,5400,2,lexical,True,Non-designer,False,arial,1.0,2581.5,1689.4,3473.6,1.0,,,75.0,55,12-04-2019 23:57
2,5400,2,recognition,True,Non-designer,False,arial,1.0,1897.5,1986.625,1808.375,1.0,1.0,1.0,75.0,60,12-04-2019 23:57
2,5472,1,lexical,True,Non-designer,False,sansforgetica,0.9,6575.35,2738.7,10412.0,0.9,,,50.0,52,12-04-2019 23:45
2,5472,1,recognition,True,Non-designer,False,sansforgetica,0.625,3129.125,2347.75,3910.5,0.625,0.5,0.75,100.0,50,12-04-2019 23:45
2,5472,2,lexical,True,Non-designer,False,arial,0.75,4347.25,3266.6,5427.9,0.7749999999999999,,,100.0,50,12-04-2019 23:45
2,5472,2,recognition,True,Non-designer,False,arial,0.75,4442.0625,4084.875,4799.25,0.828125,0.84375,0.8125,50.0,52,12-04-2019 23:45
2,5544,1,lexical,True,Graphic designer,True,sansforgetica,0.95,3527.65,2322.9,4732.4,1.0,,,25.0,45,12-04-2019 23:35
2,5544,1,recognition,True,Graphic designer,True,sansforgetica,0.875,3008.5,2988.625,3028.375,0.953125,0.96875,0.9375,100.0,61,12-04-2019 23:35
2,5544,2,lexical,True,Graphic designer,True,arial,0.95,2989.5,1514.4,4464.6,1.0,,,100.0,61,12-04-2019 23:35
2,5544,2,recognition,True,Graphic designer,True,arial,0.75,3064.5625,2495.75,3633.375,0.78125,0.84375,0.71875,25.0,45,12-04-2019 23:35
2,5616,1,lexical,True,Non-designer,False,arial,0.7,2178.75,1532.8,2824.7,0.85,,,50.0,50,12-04-2019 23:28
2,5616,1,recognition,True,Non-designer,False,arial,0.6875,2514.625,2345.25,2684.0,0.8125,0.75,0.875,0.0,50,12-04-2019 23:28
2,5616,2,lexical,True,Non-designer,False,sansforgetica,0.9,2294.15,1623.9,2964.4,0.9500000000000001,,,0.0,50,12-04-2019 23:28
2,5616,2,recognition,True,Non-designer,False,sansforgetica,0.9375,2707.8125,2481.5,2934.125,0.9296875,1.0,0.875,50.0,50,12-04-2019 23:28
2,5688,1,lexical,True,Non-designer,False,arial,0.8,1617.65,1096.9,2138.4,1.0,,,100.0,79,12-04-2019 23:16
2,5688,1,recognition,True,Non-designer,False,arial,0.9375,1764.5,1718.125,1810.875,1.0,1.0,1.0,50.0,72,12-04-2019 23:16
2,5688,2,lexical,True,Non-designer,False,sansforgetica,0.85,2286.65,1316.8,3256.5,0.985,,,50.0,72,12-04-2019 23:16
2,5688,2,recognition,True,Non-designer,False,sansforgetica,0.875,2322.6875,1595.25,3050.125,0.953125,0.96875,0.96875,100.0,79,12-04-2019 23:16
2,5760,1,lexical,True,Graphic designer,True,sansforgetica,1.0,2017.2,1503.7,2530.7,1.0,,,25.0,100,12-04-2019 20:51
2,5760,1,recognition,True,Graphic designer,True,sansforgetica,0.75,1606.5625,1203.0,2010.125,0.75,0.875,0.625,100.0,100,12-04-2019 20:51
2,5760,2,lexical,True,Graphic designer,True,arial,0.95,1637.75,1771.9,1503.6,0.9500000000000001,,,100.0,100,12-04-2019 20:51
2,5760,2,recognition,True,Graphic designer,True,arial,0.875,1678.25,1479.5,1877.0,0.875,1.0,0.75,25.0,100,12-04-2019 20:51
2,5832,1,lexical,True,Non-designer,False,sansforgetica,0.95,2836.35,1692.2,3980.5,0.95,,,0.0,26,12-04-2019 19:57
2,5832,1,recognition,True,Non-designer,False,sansforgetica,0.9375,2669.875,2252.625,3087.125,0.9140625,1.0,0.84375,100.0,50,12-04-2019 19:57
2,5832,2,lexical,True,Non-designer,False,arial,0.95,1976.4,1690.2,2262.6,0.95,,,100.0,50,12-04-2019 19:57
2,5832,2,recognition,True,Non-designer,False,arial,0.9375,2794.75,2132.0,3457.5,0.96875,0.96875,1.0,0.0,26,12-04-2019 19:57
2,5904,1,lexical,True,Letter designer,True,arial,0.9,2000.25,1696.4,2304.1,1.0,,,75.0,80,12-04-2019 19:23
2,5904,1,recognition,True,Letter designer,True,arial,0.875,2874.4375,2074.25,3674.625,0.953125,1.0,0.875,25.0,90,12-04-2019 19:23
2,5904,2,lexical,True,Letter designer,True,sansforgetica,0.85,2475.95,1777.5,3174.4,1.0,,,25.0,90,12-04-2019 19:23
2,5904,2,recognition,True,Letter designer,True,sansforgetica,0.9375,3489.875,2569.625,4410.125,1.0,1.0,1.0,75.0,80,12-04-2019 19:23
2,5976,1,lexical,True,Non-designer,False,arial,0.85,2399.7,1390.8,3408.6,1.0,,,75.0,65,12-04-2019 19:22
2,5976,1,recognition,True,Non-designer,False,arial,0.8125,2195.9375,2388.375,2003.5,0.953125,1.0,1.0,25.0,38,12-04-2019 19:22
2,5976,2,lexical,True,Non-designer,False,sansforgetica,1.0,2199.7,1350.6,3048.8,1.0,,,25.0,38,12-04-2019 19:22
2,5976,2,recognition,True,Non-designer,False,sansforgetica,0.875,2318.875,1807.375,2830.375,0.921875,1.0,0.84375,75.0,65,12-04-2019 19:22
2,6048,1,lexical,True,Other designer,True,sansforgetica,0.85,2974.8,2109.7,3839.9,0.95,,,25.0,29,12-04-2019 18:32
2,6048,1,recognition,True,Other designer,True,sansforgetica,0.5625,2185.25,1892.375,2478.125,0.65625,0.625,0.6875,100.0,50,12-04-2019 18:32
2,6048,2,lexical,True,Other designer,True,arial,0.95,1923.3,1636.4,2210.2,0.9500000000000001,,,100.0,50,12-04-2019 18:32
2,6048,2,recognition,True,Other designer,True,arial,1.0,1881.4375,1929.5,1833.375,1.0,1.0,1.0,25.0,29,12-04-2019 18:32
2,6120,1,lexical,True,Non-designer,False,sansforgetica,0.95,2216.9,1755.2,2678.6,1.0,,,25.0,50,12-04-2019 17:14
2,6120,1,recognition,True,Non-designer,False,sansforgetica,0.8125,1950.6875,1957.0,1944.375,0.8125,0.75,0.875,100.0,50,12-04-2019 17:14
2,6120,2,lexical,True,Non-designer,False,arial,1.0,1666.75,1488.1,1845.4,1.0,,,100.0,50,12-04-2019 17:14
2,6120,2,recognition,True,Non-designer,False,arial,0.8125,2223.25,1932.75,2513.75,0.8125,0.875,0.75,25.0,50,12-04-2019 17:14
2,6192,1,lexical,True,Non-designer,False,sansforgetica,0.95,1913.35,1362.2,2464.5,1.0,,,75.0,23,12-04-2019 17:13
2,6192,1,recognition,True,Non-designer,False,sansforgetica,0.5,2366.6875,2785.0,1948.375,0.5,0.5,0.5,100.0,30,12-04-2019 17:13
2,6192,2,lexical,True,Non-designer,False,arial,1.0,1586.1,1175.2,1997.0,1.0,,,100.0,30,12-04-2019 17:13
2,6192,2,recognition,True,Non-designer,False,arial,0.5,1671.125,1371.75,1970.5,0.5,0.5,0.5,75.0,23,12-04-2019 17:13
2,6264,1,lexical,True,Non-designer,False,sansforgetica,1.0,3036.6,1727.5,4345.7,1.0,,,25.0,75,12-04-2019 16:58
2,6264,1,recognition,True,Non-designer,False,sansforgetica,0.9375,2486.75,2415.5,2558.0,1.0,1.0,1.0,100.0,84,12-04-2019 16:58
2,6264,2,lexical,True,Non-designer,False,arial,1.0,1753.45,1227.5,2279.4,1.0,,,100.0,84,12-04-2019 16:58
2,6264,2,recognition,True,Non-designer,False,arial,0.75,2749.875,2563.625,2936.125,0.90625,0.8125,1.0,25.0,75,12-04-2019 16:58
2,6336,1,lexical,True,Non-designer,False,arial,0.85,2696.45,1957.0,3435.9,0.85,,,100.0,68,12-04-2019 15:55
2,6336,1,recognition,True,Non-designer,False,arial,0.875,1942.0625,1671.875,2212.25,0.875,0.75,1.0,100.0,68,12-04-2019 15:55
2,6336,2,lexical,True,Non-designer,False,sansforgetica,0.9,2068.6,2002.4,2134.8,0.9,,,100.0,68,12-04-2019 15:55
2,6336,2,recognition,True,Non-designer,False,sansforgetica,0.875,2582.3125,2869.625,2295.0,0.9296875,1.0,0.875,100.0,68,12-04-2019 15:55
2,6408,1,lexical,True,Non-designer,False,sansforgetica,0.9,4741.1,2846.6,6635.6,1.0,,,50.0,53,12-04-2019 15:27
2,6408,1,recognition,True,Non-designer,False,sansforgetica,0.8125,2763.8125,3080.125,2447.5,0.8125,0.875,0.75,100.0,47,12-04-2019 15:27
2,6408,2,lexical,True,Non-designer,False,arial,0.75,3343.1,2118.4,4567.8,0.9500000000000001,,,100.0,47,12-04-2019 15:27
2,6408,2,recognition,True,Non-designer,False,arial,1.0,4046.8125,3480.0,4613.625,1.0,1.0,1.0,50.0,53,12-04-2019 15:27
2,6480,1,lexical,True,Letter designer,True,sansforgetica,0.8,4668.75,3172.3,6165.2,0.92,,,25.0,55,12-04-2019 15:01
2,6480,1,recognition,True,Letter designer,True,sansforgetica,0.8125,2896.875,2311.0,3482.75,0.859375,0.84375,0.875,75.0,69,12-04-2019 15:01
2,6480,2,lexical,True,Letter designer,True,arial,0.9,3746.85,2042.3,5451.4,0.9,,,75.0,69,12-04-2019 15:01
2,6480,2,recognition,True,Letter designer,True,arial,0.875,3044.4375,2352.0,3736.875,0.890625,0.8125,1.0,25.0,55,12-04-2019 15:01
2,6552,1,lexical,True,Non-designer,False,sansforgetica,0.95,3102.2,2578.1,3626.3,0.9500000000000001,,,100.0,50,12-04-2019 14:09
2,6552,1,recognition,True,Non-designer,False,sansforgetica,0.8125,2240.0625,2231.5,2248.625,0.78125,0.84375,0.71875,100.0,50,12-04-2019 14:09
2,6552,2,lexical,True,Non-designer,False,arial,0.9,2077.3,1352.2,2802.4,1.0,,,100.0,50,12-04-2019 14:09
2,6552,2,recognition,True,Non-designer,False,arial,0.875,2237.125,2156.875,2317.375,0.9375,0.875,1.0,100.0,50,12-04-2019 14:09
2,6624,1,lexical,True,Typographer,True,sansforgetica,0.8,3224.55,2117.5,4331.6,1.0,,,50.0,69,12-04-2019 13:03
2,6624,1,recognition,True,Typographer,True,sansforgetica,0.9375,2705.0,2879.0,2531.0,0.9375,0.875,1.0,100.0,65,12-04-2019 13:03
2,6624,2,lexical,True,Typographer,True,arial,0.85,3236.15,2044.8,4427.5,0.95,,,100.0,65,12-04-2019 13:03
2,6624,2,recognition,True,Typographer,True,arial,0.9375,2186.4375,1990.375,2382.5,0.9375,1.0,0.875,50.0,69,12-04-2019 13:03
2,6696,1,lexical,True,Letter designer,True,sansforgetica,0.95,2814.25,1738.4,3890.1,1.0,,,25.0,78,12-04-2019 11:45
2,6696,1,recognition,True,Letter designer,True,sansforgetica,0.8125,2354.0,2228.625,2479.375,0.921875,1.0,0.875,100.0,78,12-04-2019 11:45
2,6696,2,lexical,True,Letter designer,True,arial,0.85,1629.6,1263.0,1996.2,1.0,,,100.0,78,12-04-2019 11:45
2,6696,2,recognition,True,Letter designer,True,arial,0.875,1953.125,1998.5,1907.75,1.0,1.0,1.0,25.0,78,12-04-2019 11:45
2,6768,1,lexical,True,Letter designer,True,sansforgetica,0.55,4271.65,2415.1,6128.2,0.9500000000000001,,,25.0,50,12-04-2019 09:40
2,6768,1,recognition,True,Letter designer,True,sansforgetica,0.5,2960.8125,2695.125,3226.5,0.5,0.5,0.5,75.0,50,12-04-2019 09:40
2,6768,2,lexical,True,Letter designer,True,arial,0.95,2203.4,1540.7,2866.1,1.0,,,75.0,50,12-04-2019 09:40
2,6768,2,recognition,True,Letter designer,True,arial,0.5,2560.1875,1676.25,3444.125,0.5,0.5,0.5,25.0,50,12-04-2019 09:40
2,6840,1,lexical,True,Non-designer,False,arial,0.95,2817.6,2083.3,3551.9,1.0,,,75.0,50,12-04-2019 09:34
2,6840,1,recognition,True,Non-designer,False,arial,0.5625,2763.0,2567.125,2958.875,0.6484375,0.65625,0.71875,25.0,46,12-04-2019 09:34
2,6840,2,lexical,True,Non-designer,False,sansforgetica,1.0,2655.3,1993.7,3316.9,1.0,,,25.0,46,12-04-2019 09:34
2,6840,2,recognition,True,Non-designer,False,sansforgetica,0.75,3352.125,3185.25,3519.0,0.8125,0.9375,0.75,75.0,50,12-04-2019 09:34
